star_rating,title,content_rating,genre,duration,actors_list
9.3,The Shawshank Redemption,R,Crime,142,"'Tim Robbins', 'Morgan Freeman', 'Bob Gnton'"
9.2,The Godfather,R,Crime,175,"'Marlon Brando', 'Al Pacino', 'James Caan'"
9.1,The Godfather: Part II,R,Crime,200,"'Al Pacino', 'Robert De Niro', 'Robert Dvall'"
9.0,The Dark Knight,PG-13,Action,152,"'Christian Bale', 'Heath Ledger', 'Aaron Eckhart'"
8.9,Pulp Fiction,R,Crime,154,"'John Travolta', 'Uma Thrman', 'Samel L. Jackson'"
8.9,12 Angry Men,NOT RATED,Drama,96,"'Henry Fonda', 'Lee J. Cobb', 'Martin Balsam'"
8.9,"The Good, the Bad and the Ugly",NOT RATED,Western,161,"'Clint Eastwood', 'Eli Wallach', 'Lee Van Cleef'"
8.9,The Lord of the Rings: The Return of the King,PG-13,Adventure,201,"'Elijah Wood', 'Viggo Mortensen', 'Ian McKellen'"
8.9,Schindler's List,R,Biography,195,"'Liam Neeson', 'Ralph Fiennes', 'Ben Kingsley'"
8.9,Fight Club,R,Drama,139,"'Brad Pitt', 'Edward Norton', 'Helena Bonham Carter'"
8.8,The Lord of the Rings: The Fellowship of the Ring,PG-13,Adventure,178,"'Elijah Wood', 'Ian McKellen', 'Orlando Bloom'"
8.8,Inception,PG-13,Action,148,"'Leonardo DiCaprio', 'Joseph Gordon-Levitt', 'Ellen Page'"
8.8,Star Wars: Episode V - The Empire Strikes Back,PG,Action,124,"'Mark Hamill', 'Harrison Ford', 'Carrie Fisher'"
8.8,Forrest Gump,PG-13,Drama,142,"'Tom Hanks', 'Robin Wright', 'Gary Sinise'"
8.8,The Lord of the Rings: The Two Towers,PG-13,Adventure,179,"'Elijah Wood', 'Ian McKellen', 'Viggo Mortensen'"
8.7,Interstellar,PG-13,Adventure,169,"'Matthew McConaghey', 'Anne Hathaway', 'Jessica Chastain'"
8.7,One Flew Over the Cuckoo's Nest,R,Drama,133,"'Jack Nicholson', 'Loise Fletcher', 'Michael Berryman'"
8.7,Seven Samurai,UNRATED,Drama,207,"'Toshir\xf4 Mifne', 'Takashi Shimra', 'Keiko Tsshima'"
8.7,Goodfellas,R,Biography,146,"'Robert De Niro', 'Ray Liotta', 'Joe Pesci'"
8.7,Star Wars,PG,Action,121,"'Mark Hamill', 'Harrison Ford', 'Carrie Fisher'"
8.7,The Matrix,R,Action,136,"'Kean Reeves', 'Larence Fishbrne', 'Carrie-Anne Moss'"
8.7,City of God,R,Crime,130,"'Alexandre Rodriges', 'Mathes Nachtergaele', 'Leandro Firmino'"
8.7,It's a Wonderful Life,APPROVED,Drama,130,"'James Stewart', 'Donna Reed', 'Lionel Barrymore'"
8.7,The Usual Suspects,R,Crime,106,"'Kevin Spacey', 'Gabriel Byrne', 'Chazz Palminteri'"
8.7,Se7en,R,Drama,127,"'Morgan Freeman', 'Brad Pitt', 'Kevin Spacey'"
8.6,Life Is Beautiful,PG-13,Comedy,116,"'Roberto Benigni', 'Nicoletta Braschi', 'Giorgio Cantarini'"
8.6,Once Upon a Time in the West,PG-13,Western,175,"'Henry Fonda', 'Charles Bronson', 'Cladia Cardinale'"
8.6,The Silence of the Lambs,R,Drama,118,"'Jodie Foster', 'Anthony Hopkins', 'Lawrence A. Bonney'"
8.6,Leon: The Professional,R,Crime,110,"'Jean Reno', 'Gary Oldman', 'Natalie Portman'"
8.6,City Lights,PASSED,Comedy,87,"'Charles Chaplin', 'Virginia Cherrill', 'Florence Lee'"
8.6,Spirited Away,PG,Animation,125,"'Daveigh Chase', 'Szanne Pleshette', 'Miy Irino'"
8.6,The Intouchables,R,Biography,112,"'Fran\xe7ois Clzet', 'Omar Sy', 'Anne Le Ny'"
8.6,Casablanca,PG,Drama,102,"'Hmphrey Bogart', 'Ingrid Bergman', 'Pal Henreid'"
8.6,Whiplash,R,Drama,107,"'Miles Teller', 'J.K. Simmons', 'Melissa Benoist'"
8.6,American History X,R,Crime,119,"'Edward Norton', 'Edward Frlong', ""Beverly D'Angelo"""
8.6,Modern Times,G,Comedy,87,"'Charles Chaplin', 'Palette Goddard', 'Henry Bergman'"
8.6,Saving Private Ryan,R,Action,169,"'Tom Hanks', 'Matt Damon', 'Tom Sizemore'"
8.6,Raiders of the Lost Ark,PG,Action,115,"'Harrison Ford', 'Karen Allen', 'Pal Freeman'"
8.6,Rear Window,APPROVED,Mystery,112,"'James Stewart', 'Grace Kelly', 'Wendell Corey'"
8.6,Psycho,R,Horror,109,"'Anthony Perkins', 'Janet Leigh', 'Vera Miles'"
8.5,The Green Mile,R,Crime,189,"'Tom Hanks', 'Michael Clarke Dncan', 'David Morse'"
8.5,Sunset Blvd.,NOT RATED,Drama,110,"'William Holden', 'Gloria Swanson', 'Erich von Stroheim'"
8.5,The Pianist,R,Biography,150,"'Adrien Brody', 'Thomas Kretschmann', 'Frank Finlay'"
8.5,The Dark Knight Rises,PG-13,Action,165,"'Christian Bale', 'Tom Hardy', 'Anne Hathaway'"
8.5,Gladiator,R,Action,155,"'Rssell Crowe', 'Joaqin Phoenix', 'Connie Nielsen'"
8.5,Terminator 2: Judgment Day,R,Action,137,"'Arnold Schwarzenegger', 'Linda Hamilton', 'Edward Frlong'"
8.5,Memento,R,Mystery,113,"'Gy Pearce', 'Carrie-Anne Moss', 'Joe Pantoliano'"
8.5,Taare Zameen Par,PG,Drama,165,"'Darsheel Safary', 'Aamir Khan', 'Tanay Chheda'"
8.5,Dr. Strangelove or: How I Learned to Stop Worrying and Love the Bomb,PG,Comedy,95,"'Peter Sellers', 'George C. Scott', 'Sterling Hayden'"
8.5,The Departed,R,Crime,151,"'Leonardo DiCaprio', 'Matt Damon', 'Jack Nicholson'"
8.5,Cinema Paradiso,R,Drama,155,"'Philippe Noiret', 'Enzo Cannavale', 'Antonella Attili'"
8.5,Apocalypse Now,R,Drama,153,"'Martin Sheen', 'Marlon Brando', 'Robert Dvall'"
8.5,The Great Dictator,APPROVED,Comedy,125,"'Charles Chaplin', 'Palette Goddard', 'Jack Oakie'"
8.5,The Prestige,PG-13,Drama,130,"'Christian Bale', 'Hgh Jackman', 'Scarlett Johansson'"
8.5,Back to the Future,PG,Adventure,116,"'Michael J. Fox', 'Christopher Lloyd', 'Lea Thompson'"
8.5,The Lion King,G,Animation,89,"'Matthew Broderick', 'Jeremy Irons', 'James Earl Jones'"
8.5,The Lives of Others,R,Drama,137,"'Ulrich M\xfche', 'Martina Gedeck', 'Sebastian Koch'"
8.5,Alien,R,Horror,117,"'Sigorney Weaver', 'Tom Skerritt', 'John Hrt'"
8.5,Paths of Glory,APPROVED,Drama,88,"'Kirk Doglas', 'Ralph Meeker', 'Adolphe Menjo'"
8.5,Django Unchained,R,Western,165,"'Jamie Foxx', 'Christoph Waltz', 'Leonardo DiCaprio'"
8.5,3 Idiots,PG-13,Comedy,170,"'Aamir Khan', 'Madhavan', 'Mona Singh'"
8.5,Grave of the Fireflies,UNRATED,Animation,89,"'Tstom Tatsmi', 'Ayano Shiraishi', 'Akemi Yamagchi'"
8.5,The Shining,R,Horror,146,"'Jack Nicholson', 'Shelley Dvall', 'Danny Lloyd'"
8.4,M,NOT RATED,Crime,99,"'Peter Lorre', 'Ellen Widmann', 'Inge Landgt'"
8.4,WALL-E,G,Animation,98,"'Ben Brtt', 'Elissa Knight', 'Jeff Garlin'"
8.4,Witness for the Prosecution,APPROVED,Crime,116,"'Tyrone Power', 'Marlene Dietrich', 'Charles Laghton'"
8.4,Munna Bhai M.B.B.S.,NOT RATED,Comedy,156,"'Snil Dtt', 'Sanjay Dtt', 'Arshad Warsi'"
8.4,American Beauty,R,Drama,122,"'Kevin Spacey', 'Annette Bening', 'Thora Birch'"
8.4,Das Boot,R,Adventure,149,"'J\xfcrgen Prochnow', 'Herbert Gr\xf6nemeyer', 'Klas Wennemann'"
8.4,Princess Mononoke,PG-13,Animation,134,"'Y\xf4ji Matsda', 'Yriko Ishida', 'Y\xfbko Tanaka'"
8.4,Amelie,R,Comedy,122,"'Adrey Tato', 'Mathie Kassovitz', 'Rfs'"
8.4,North by Northwest,APPROVED,Adventure,136,"'Cary Grant', 'Eva Marie Saint', 'James Mason'"
8.4,Rang De Basanti,NOT RATED,Drama,157,"'Aamir Khan', 'Soha Ali Khan', 'Siddharth'"
8.4,Jodaeiye Nader az Simin,PG-13,Drama,123,"'Peyman Moaadi', 'Leila Hatami', 'Sareh Bayat'"
8.4,Citizen Kane,APPROVED,Drama,119,"'Orson Welles', 'Joseph Cotten', 'Dorothy Comingore'"
8.4,Aliens,R,Action,137,"'Sigorney Weaver', 'Michael Biehn', 'Carrie Henn'"
8.4,Vertigo,APPROVED,Mystery,128,"'James Stewart', 'Kim Novak', 'Barbara Bel Geddes'"
8.4,Oldeuboi,R,Drama,120,"'Min-sik Choi', 'Ji-tae Y', 'Hye-jeong Kang'"
8.4,Once Upon a Time in America,R,Crime,229,"'Robert De Niro', 'James Woods', 'Elizabeth McGovern'"
8.4,Double Indemnity,PASSED,Crime,107,"'Fred MacMrray', 'Barbara Stanwyck', 'Edward G. Robinson'"
8.4,Star Wars: Episode VI - Return of the Jedi,PG,Action,134,"'Mark Hamill', 'Harrison Ford', 'Carrie Fisher'"
8.4,Toy Story 3,G,Animation,103,"'Tom Hanks', 'Tim Allen', 'Joan Csack'"
8.4,Braveheart,R,Action,177,"'Mel Gibson', 'Sophie Marcea', 'Patrick McGoohan'"
8.4,To Kill a Mockingbird,NOT RATED,Drama,129,"'Gregory Peck', 'John Megna', 'Frank Overton'"
8.4,Requiem for a Dream,R,Drama,102,"'Ellen Brstyn', 'Jared Leto', 'Jennifer Connelly'"
8.4,Lawrence of Arabia,PG,Adventure,216,"""Peter O'Toole"", 'Alec Ginness', 'Anthony Qinn'"
8.4,A Clockwork Orange,X,Crime,136,"'Malcolm McDowell', 'Patrick Magee', 'Michael Bates'"
8.4,Bicycle Thieves,NOT RATED,Drama,93,"'Lamberto Maggiorani', 'Enzo Staiola', 'Lianella Carell'"
8.4,The Kid,NOT RATED,Comedy,68,"'Charles Chaplin', 'Edna Prviance', 'Jackie Coogan'"
8.4,Swades,NOT RATED,Drama,189,"'Shah Rkh Khan', 'Gayatri Joshi', 'Kishori Balal'"
8.4,Reservoir Dogs,R,Crime,99,"'Harvey Keitel', 'Tim Roth', 'Michael Madsen'"
8.4,Eternal Sunshine of the Spotless Mind,R,Drama,108,"'Jim Carrey', 'Kate Winslet', 'Tom Wilkinson'"
8.4,Taxi Driver,R,Crime,113,"'Robert De Niro', 'Jodie Foster', 'Cybill Shepherd'"
8.4,Dilwale Dulhania Le Jayenge,NOT RATED,Comedy,181,"'Shah Rkh Khan', 'Kajol', 'Amrish Pri'"
8.4,Singin' in the Rain,APPROVED,Comedy,103,"'Gene Kelly', ""Donald O'Connor"", 'Debbie Reynolds'"
8.4,All About Eve,APPROVED,Drama,138,"'Bette Davis', 'Anne Baxter', 'George Sanders'"
8.4,Yojimbo,UNRATED,Action,110,"'Toshir\xf4 Mifne', 'Eijir\xf4 T\xf4no', 'Tatsya Nakadai'"
8.4,The Sting,PG,Comedy,129,"'Pal Newman', 'Robert Redford', 'Robert Shaw'"
8.4,Rashomon,UNRATED,Crime,88,"'Toshir\xf4 Mifne', 'Machiko Ky\xf4', 'Masayki Mori'"
8.4,Amadeus,R,Biography,160,"'F. Mrray Abraham', 'Tom Hlce', 'Elizabeth Berridge'"
8.3,The Treasure of the Sierra Madre,NOT RATED,Action,126,"'Hmphrey Bogart', 'Walter Hston', 'Tim Holt'"
8.3,Monty Python and the Holy Grail,PG,Adventure,91,"'Graham Chapman', 'John Cleese', 'Eric Idle'"
8.3,Full Metal Jacket,R,Drama,116,"'Matthew Modine', 'R. Lee Ermey', ""Vincent D'Onofrio"""
8.3,The Apartment,APPROVED,Comedy,125,"'Jack Lemmon', 'Shirley MacLaine', 'Fred MacMrray'"
8.3,Ikiru,NOT RATED,Drama,143,"'Takashi Shimra', 'Nobo Kaneko', ""Shin'ichi Himori"""
8.3,The Third Man,NOT RATED,Film-Noir,93,"'Orson Welles', 'Joseph Cotten', 'Alida Valli'"
8.3,Snatch.,R,Comedy,102,"'Jason Statham', 'Brad Pitt', 'Benicio Del Toro'"
8.3,For a Few Dollars More,APPROVED,Western,132,"'Clint Eastwood', 'Lee Van Cleef', 'Gian Maria Volont\xe9'"
8.3,Metropolis,NOT RATED,Drama,153,"'Brigitte Helm', 'Alfred Abel', 'Gstav Fr\xf6hlich'"
8.3,Dil Chahta Hai,NOT RATED,Comedy,183,"'Aamir Khan', 'Saif Ali Khan', 'Akshaye Khanna'"
8.3,2001: A Space Odyssey,G,Mystery,160,"'Keir Dllea', 'Gary Lockwood', 'William Sylvester'"
8.3,Some Like It Hot,NOT RATED,Comedy,120,"'Marilyn Monroe', 'Tony Crtis', 'Jack Lemmon'"
8.3,L.A. Confidential,R,Crime,138,"'Kevin Spacey', 'Rssell Crowe', 'Gy Pearce'"
8.3,Batman Begins,PG-13,Action,140,"'Christian Bale', 'Michael Caine', 'Ken Watanabe'"
8.3,Inglourious Basterds,R,Adventure,153,"'Brad Pitt', 'Diane Krger', 'Eli Roth'"
8.3,Scarface,R,Crime,170,"'Al Pacino', 'Michelle Pfeiffer', 'Steven Baer'"
8.3,Mr. Smith Goes to Washington,NOT RATED,Drama,129,"'James Stewart', 'Jean Arthr', 'Clade Rains'"
8.3,Toy Story,G,Animation,81,"'Tom Hanks', 'Tim Allen', 'Don Rickles'"
8.3,Indiana Jones and the Last Crusade,PG-13,Action,127,"'Harrison Ford', 'Sean Connery', 'Alison Doody'"
8.3,Unforgiven,R,Western,131,"'Clint Eastwood', 'Gene Hackman', 'Morgan Freeman'"
8.3,The Great Escape,UNRATED,Adventure,172,"'Steve McQeen', 'James Garner', 'Richard Attenborogh'"
8.3,Jagten,R,Drama,115,"'Mads Mikkelsen', 'Thomas Bo Larsen', 'Annika Wedderkopp'"
8.3,On the Waterfront,NOT RATED,Crime,108,"'Marlon Brando', 'Karl Malden', 'Lee J. Cobb'"
8.3,The General,UNRATED,Action,107,"'Bster Keaton', 'Marion Mack', 'Glen Cavender'"
8.3,Raging Bull,R,Biography,129,"'Robert De Niro', 'Cathy Moriarty', 'Joe Pesci'"
8.3,Downfall,R,Biography,156,"'Brno Ganz', 'Alexandra Maria Lara', 'Ulrich Matthes'"
8.3,Up,PG,Animation,96,"'Edward Asner', 'Jordan Nagai', 'John Ratzenberger'"
8.3,Wild Strawberries,UNRATED,Drama,91,"'Victor Sj\xf6str\xf6m', 'Bibi Andersson', 'Ingrid Thlin'"
8.3,The Gold Rush,NOT RATED,Adventure,95,"'Charles Chaplin', 'Mack Swain', 'Tom Mrray'"
8.3,Ran,R,Action,162,"'Tatsya Nakadai', 'Akira Terao', 'Jinpachi Nez'"
8.3,Chinatown,R,Drama,130,"'Jack Nicholson', 'Faye Dnaway', 'John Hston'"
8.3,My Neighbor Totoro,G,Animation,86,"'Hitoshi Takagi', 'Noriko Hidaka', 'Chika Sakamoto'"
8.3,Judgment at Nuremberg,NOT RATED,Drama,186,"'Spencer Tracy', 'Brt Lancaster', 'Richard Widmark'"
8.3,Barfi!,NOT RATED,Adventure,151,"'Ranbir Kapoor', 'Priyanka Chopra', 'Ileana'"
8.3,The Seventh Seal,NOT RATED,Drama,96,"'Max von Sydow', 'Gnnar Bj\xf6rnstrand', 'Bengt Ekerot'"
8.3,Heat,R,Action,170,"'Al Pacino', 'Robert De Niro', 'Val Kilmer'"
8.3,Pan's Labyrinth,R,Drama,118,"'Ivana Baqero', 'Ariadna Gil', 'Sergi L\xf3pez'"
8.3,The Bridge on the River Kwai,PG,Adventure,161,"'William Holden', 'Alec Ginness', 'Jack Hawkins'"
8.3,Die Hard,R,Action,131,"'Brce Willis', 'Alan Rickman', 'Bonnie Bedelia'"
8.3,Good Will Hunting,R,Drama,126,"'Robin Williams', 'Matt Damon', 'Ben Affleck'"
8.3,The Wages of Fear,NOT RATED,Adventure,131,"'Yves Montand', 'Charles Vanel', 'Peter van Eyck'"
8.3,The Secret in Their Eyes,R,Drama,129,"'Ricardo Dar\xedn', 'Soledad Villamil', 'Pablo Rago'"
8.3,Lagaan: Once Upon a Time in India,PG,Adventure,224,"'Aamir Khan', 'Gracy Singh', 'Rachel Shelley'"
8.2,The Wolf of Wall Street,R,Biography,180,"'Leonardo DiCaprio', 'Jonah Hill', 'Margot Robbie'"
8.2,It Happened One Night,UNRATED,Comedy,105,"'Clark Gable', 'Cladette Colbert', 'Walter Connolly'"
8.2,Blade Runner,R,Sci-Fi,117,"'Harrison Ford', 'Rtger Haer', 'Sean Yong'"
8.2,Warrior,PG-13,Drama,140,"'Tom Hardy', 'Nick Nolte', 'Joel Edgerton'"
8.2,Howl's Moving Castle,PG,Animation,119,"'Chieko Baish\xf4', 'Takya Kimra', 'Tatsya Gash\xfbin'"
8.2,The Elephant Man,PG,Biography,124,"'Anthony Hopkins', 'John Hrt', 'Anne Bancroft'"
8.2,Rebecca,NOT RATED,Mystery,130,"'Larence Olivier', 'Joan Fontaine', 'George Sanders'"
8.2,Incendies,R,Drama,139,"'Lbna Azabal', 'M\xe9lissa D\xe9sormeax-Polin', 'Maxim Gadette'"
8.2,"Lock, Stock and Two Smoking Barrels",R,Comedy,107,"'Jason Flemyng', 'Dexter Fletcher', 'Nick Moran'"
8.2,V for Vendetta,R,Action,132,"'Hgo Weaving', 'Natalie Portman', 'Rpert Graves'"
8.2,The Big Lebowski,R,Comedy,117,"'Jeff Bridges', 'John Goodman', 'Jlianne Moore'"
8.2,Cool Hand Luke,PG,Crime,126,"'Pal Newman', 'George Kennedy', 'Strother Martin'"
8.2,Relatos salvajes,R,Comedy,122,"'Dar\xedo Grandinetti', 'Mar\xeda Marll', 'M\xf3nica Villa'"
8.2,Casino,R,Biography,178,"'Robert De Niro', 'Sharon Stone', 'Joe Pesci'"
8.2,Gone with the Wind,G,Drama,238,"'Clark Gable', 'Vivien Leigh', 'Thomas Mitchell'"
8.2,Gone Girl,R,Drama,149,"'Ben Affleck', 'Rosamnd Pike', 'Neil Patrick Harris'"
8.2,The Best Years of Our Lives,PASSED,Drama,172,"'Fredric March', 'Dana Andrews', 'Myrna Loy'"
8.2,How to Train Your Dragon,PG,Animation,98,"'Jay Barchel', 'Gerard Btler', 'Christopher Mintz-Plasse'"
8.2,Diabolique,UNRATED,Horror,116,"'Simone Signoret', 'V\xe9ra Clozot', 'Pal Merisse'"
8.2,Gran Torino,R,Drama,116,"'Clint Eastwood', 'Bee Vang', 'Christopher Carley'"
8.2,Rush,R,Action,123,"'Daniel Br\xfchl', 'Chris Hemsworth', 'Olivia Wilde'"
8.2,Into the Wild,R,Adventure,148,"'Emile Hirsch', 'Vince Vaghn', 'Catherine Keener'"
8.2,My Sassy Girl,NOT RATED,Comedy,123,"'Tae-hyn Cha', 'Gianna Jn', 'In-mn Kim'"
8.2,The Deer Hunter,R,Drama,182,"'Robert De Niro', 'Christopher Walken', 'John Cazale'"
8.2,Mary and Max,NOT RATED,Animation,92,"'Toni Collette', 'Philip Seymor Hoffman', 'Eric Bana'"
8.2,Hachi: A Dog's Tale,G,Drama,93,"'Richard Gere', 'Joan Allen', 'Cary-Hiroyki Tagawa'"
8.2,The Maltese Falcon,NOT RATED,Crime,100,"'Hmphrey Bogart', 'Mary Astor', 'Gladys George'"
8.2,A Beautiful Mind,PG-13,Biography,135,"'Rssell Crowe', 'Ed Harris', 'Jennifer Connelly'"
8.2,Dial M for Murder,PG,Crime,105,"'Ray Milland', 'Grace Kelly', 'Robert Cmmings'"
8.2,Trainspotting,R,Drama,94,"'Ewan McGregor', 'Ewen Bremner', 'Jonny Lee Miller'"
8.2,Tae Guk Gi: The Brotherhood of War,R,Action,140,"'Dong-gn Jang', 'Bin Won', 'En-j Lee'"
8.2,Persona,NOT RATED,Drama,83,"'Bibi Andersson', 'Liv Ullmann', 'Margaretha Krook'"
8.2,Touch of Evil,PG-13,Crime,95,"'Charlton Heston', 'Orson Welles', 'Janet Leigh'"
8.2,Fargo,R,Crime,98,"'William H. Macy', 'Frances McDormand', 'Steve Bscemi'"
8.2,The Avengers,PG-13,Action,143,"'Robert Downey Jr.', 'Chris Evans', 'Scarlett Johansson'"
8.2,The 400 Blows,NOT RATED,Crime,99,"'Jean-Pierre L\xe9ad', 'Albert R\xe9my', 'Claire Marier'"
8.2,The Princess Bride,PG,Adventure,98,"'Cary Elwes', 'Mandy Patinkin', 'Robin Wright'"
8.2,Hotel Rwanda,PG-13,Drama,121,"'Don Cheadle', 'Sophie Okonedo', 'Joaqin Phoenix'"
8.2,Stalker,NOT RATED,Drama,163,"'Alisa Freyndlikh', 'Aleksandr Kaydanovskiy', 'Anatoliy Solonitsyn'"
8.2,The Battle of Algiers,NOT RATED,Crime,121,"'Brahim Hadjadj', 'Jean Martin', 'Yacef Saadi'"
8.2,Underground,NOT RATED,Comedy,167,"'Predrag Manojlovic', 'Lazar Ristovski', 'Mirjana Jokovic'"
8.2,Fanny and Alexander,R,Drama,188,"'Bertil Gve', 'Pernilla Allwin', 'Kristina Adolphson'"
8.2,Network,R,Drama,121,"'Faye Dnaway', 'William Holden', 'Peter Finch'"
8.2,The Thing,R,Horror,109,"'Krt Rssell', 'Wilford Brimley', 'Keith David'"
8.2,Butch Cassidy and the Sundance Kid,,Biography,110,"'Pal Newman', 'Robert Redford', 'Katharine Ross'"
8.2,The Grapes of Wrath,NOT RATED,Drama,129,"'Henry Fonda', 'Jane Darwell', 'John Carradine'"
8.2,"Black Cat, White Cat",R,Comedy,127,"'Bajram Severdzan', 'Srdjan Todorovic', 'Branka Katic'"
8.2,Life of Brian,R,Comedy,94,"'Graham Chapman', 'John Cleese', 'Michael Palin'"
8.2,The Sixth Sense,PG-13,Drama,107,"'Brce Willis', 'Haley Joel Osment', 'Toni Collette'"
8.2,Finding Nemo,G,Animation,100,"'Albert Brooks', 'Ellen DeGeneres', 'Alexander Gold'"
8.2,Nausicaa of the Valley of the Wind,PG,Animation,117,"'Smi Shimamoto', 'Mahito Tsjimra', 'Hisako Ky\xf4da'"
8.1,Kingsman: The Secret Service,R,Action,129,"'Colin Firth', 'Taron Egerton', 'Samel L. Jackson'"
8.1,Platoon,R,Drama,120,"'Charlie Sheen', 'Tom Berenger', 'Willem Dafoe'"
8.1,Guardians of the Galaxy,PG-13,Action,121,"'Chris Pratt', 'Vin Diesel', 'Bradley Cooper'"
8.1,In the Name of the Father,R,Biography,133,"'Daniel Day-Lewis', 'Pete Postlethwaite', 'Alison Crosbie'"
8.1,Kill Bill: Vol. 1,R,Action,111,"'Uma Thrman', 'David Carradine', 'Daryl Hannah'"
8.1,No Country for Old Men,R,Crime,122,"'Tommy Lee Jones', 'Javier Bardem', 'Josh Brolin'"
8.1,Le Samourai,PG,Crime,101,"'Alain Delon', 'Nathalie Delon', 'Fran\xe7ois P\xe9rier'"
8.1,12 Years a Slave,R,Biography,134,"'Chiwetel Ejiofor', 'Michael Kenneth Williams', 'Michael Fassbender'"
8.1,La leggenda del pianista sull'oceano,R,Drama,165,"'Tim Roth', 'Pritt Taylor Vince', 'Bill Nnn'"
8.1,8 1/2,NOT RATED,Drama,138,"'Marcello Mastroianni', 'Anok Aim\xe9e', 'Cladia Cardinale'"
8.1,Ben-Hur,G,Adventure,212,"'Charlton Heston', 'Jack Hawkins', 'Stephen Boyd'"
8.1,Amores Perros,R,Drama,154,"'Emilio Echevarr\xeda', 'Gael Garc\xeda Bernal', 'Goya Toledo'"
8.1,Stand by Me,R,Adventure,89,"'Wil Wheaton', 'River Phoenix', 'Corey Feldman'"
8.1,What Ever Happened to Baby Jane?,APPROVED,Drama,134,"'Bette Davis', 'Joan Crawford', 'Victor Bono'"
8.1,Annie Hall,PG,Comedy,93,"'Woody Allen', 'Diane Keaton', 'Tony Roberts'"
8.1,The Imitation Game,PG-13,Biography,114,"'Benedict Cmberbatch', 'Keira Knightley', 'Matthew Goode'"
8.1,Laura,APPROVED,Film-Noir,88,"'Gene Tierney', 'Dana Andrews', 'Clifton Webb'"
8.1,Departures,PG-13,Drama,130,"'Masahiro Motoki', 'Ry\xf4ko Hirose', 'Tstom Yamazaki'"
8.1,Infernal Affairs,R,Crime,101,"'Andy La', 'Tony Chi Wai Leng', 'Anthony Cha-Sang Wong'"
8.1,There Will Be Blood,R,Drama,158,"'Daniel Day-Lewis', 'Pal Dano', 'Ciar\xe1n Hinds'"
8.1,The Grand Budapest Hotel,R,Adventure,99,"'Ralph Fiennes', 'F. Mrray Abraham', 'Mathie Amalric'"
8.1,La Strada,NOT RATED,Drama,108,"'Anthony Qinn', 'Gilietta Masina', 'Richard Basehart'"
8.1,Sin City,R,Crime,124,"'Mickey Rorke', 'Clive Owen', 'Brce Willis'"
8.1,Memories of Murder,UNRATED,Crime,132,"'Kang-ho Song', 'Sang-kyng Kim', 'Roe-ha Kim'"
8.1,Donnie Darko,R,Drama,113,"'Jake Gyllenhaal', 'Jena Malone', 'Mary McDonnell'"
8.1,Who's Afraid of Virginia Woolf?,TV-MA,Drama,131,"'Elizabeth Taylor', 'Richard Brton', 'George Segal'"
8.1,Gandhi,PG,Biography,191,"'Ben Kingsley', 'John Gielgd', 'Candice Bergen'"
8.1,Solaris,PG,Drama,167,"'Natalya Bondarchk', 'Donatas Banionis', 'J\xfcri J\xe4rvet'"
8.1,Harry Potter and the Deathly Hallows: Part 2,PG-13,Adventure,130,"'Daniel Radcliffe', 'Emma Watson', 'Rpert Grint'"
8.1,"Paris, Texas",R,Drama,147,"'Harry Dean Stanton', 'Nastassja Kinski', 'Dean Stockwell'"
8.1,The Wizard of Oz,PASSED,Adventure,102,"'Jdy Garland', 'Frank Morgan', 'Ray Bolger'"
8.1,3-Iron,R,Crime,88,"'Seng-yeon Lee', 'Hyn-kyoon Lee', 'Hyk-ho Kwon'"
8.1,Boyhood,R,Drama,165,"'Ellar Coltrane', 'Patricia Arqette', 'Ethan Hawke'"
8.1,Million Dollar Baby,PG-13,Drama,132,"'Hilary Swank', 'Clint Eastwood', 'Morgan Freeman'"
8.1,The Last Picture Show,R,Drama,118,"'Timothy Bottoms', 'Jeff Bridges', 'Cybill Shepherd'"
8.1,Strangers on a Train,APPROVED,Crime,101,"'Farley Granger', 'Robert Walker', 'Rth Roman'"
8.1,Cat on a Hot Tin Roof,APPROVED,Drama,108,"'Elizabeth Taylor', 'Pal Newman', 'Brl Ives'"
8.1,La Dolce Vita,NOT RATED,Comedy,174,"'Marcello Mastroianni', 'Anita Ekberg', 'Anok Aim\xe9e'"
8.1,Chungking Express,PG-13,Drama,98,"'Brigitte Lin', 'Takeshi Kaneshiro', 'Tony Chi Wai Leng'"
8.1,The Night of the Hunter,APPROVED,Crime,92,"'Robert Mitchm', 'Shelley Winters', 'Lillian Gish'"
8.1,La Haine,NOT RATED,Crime,98,"'Vincent Cassel', 'Hbert Kond\xe9', 'Sa\xefd Taghmaoi'"
8.1,Yip Man,R,Action,106,"'Donnie Yen', 'Simon Yam', 'Si-Wong Fan'"
8.1,High Noon,PG,Western,85,"'Gary Cooper', 'Grace Kelly', 'Thomas Mitchell'"
8.1,Notorious,APPROVED,Drama,101,"'Cary Grant', 'Ingrid Bergman', 'Clade Rains'"
8.1,Before Sunrise,R,Drama,105,"'Ethan Hawke', 'Jlie Delpy', 'Andrea Eckert'"
8.1,Elite Squad: The Enemy Within,UNRATED,Action,115,"'Wagner Mora', 'Irandhir Santos', 'Andr\xe9 Ramiro'"
8.1,The Bourne Ultimatum,PG-13,Action,115,"'Matt Damon', '\xc9dgar Ram\xedrez', 'Joan Allen'"
8.1,Castle in the Sky,PG,Animation,124,"'Anna Paqin', 'James Van Der Beek', 'Cloris Leachman'"
8.1,The Celebration,R,Drama,105,"'Ulrich Thomsen', 'Henning Moritzen', 'Thomas Bo Larsen'"
8.1,"Spring, Summer, Fall, Winter... and Spring",R,Drama,103,"'Ki-dk Kim', 'Yeong-s Oh', 'Jong-ho Kim'"
8.1,Shutter Island,R,Mystery,138,"'Leonardo DiCaprio', 'Emily Mortimer', 'Mark Rffalo'"
8.1,Barry Lyndon,PG,Adventure,184,"""Ryan O'Neal"", 'Marisa Berenson', 'Patrick Magee'"
8.1,Stalag 17,NOT RATED,Comedy,120,"'William Holden', 'Don Taylor', 'Otto Preminger'"
8.1,Three Colors: Red,R,Drama,99,"'Ir\xe8ne Jacob', 'Jean-Lois Trintignant', 'Fr\xe9d\xe9riqe Feder'"
8.1,X-Men: Days of Future Past,PG-13,Action,131,"'Patrick Stewart', 'Ian McKellen', 'Hgh Jackman'"
8.1,Sleuth,PG,Mystery,138,"'Larence Olivier', 'Michael Caine', 'Alec Cawthorne'"
8.1,In the Mood for Love,PG,Drama,98,"'Tony Chi Wai Leng', 'Maggie Cheng', 'Ping Lam Si'"
8.1,The Man Who Shot Liberty Valance,APPROVED,Drama,123,"'James Stewart', 'John Wayne', 'Vera Miles'"
8.1,Arsenic and Old Lace,NOT RATED,Comedy,118,"'Cary Grant', 'Priscilla Lane', 'Raymond Massey'"
8.1,The Big Sleep,APPROVED,Crime,114,"'Hmphrey Bogart', 'Laren Bacall', 'John Ridgely'"
8.1,Roman Holiday,NOT RATED,Comedy,118,"'Gregory Peck', 'Adrey Hepbrn', 'Eddie Albert'"
8.1,The Philadelphia Story,NOT RATED,Comedy,112,"'Cary Grant', 'Katharine Hepbrn', 'James Stewart'"
8.1,Akira,R,Animation,124,"'Nozom Sasaki', 'Mami Koyama', 'Mitso Iwata'"
8.1,Anatomy of a Murder,UNRATED,Crime,160,"'James Stewart', 'Lee Remick', 'Ben Gazzara'"
8.1,The Cabinet of Dr. Caligari,UNRATED,Crime,67,"'Werner Krass', 'Conrad Veidt', 'Friedrich Feher'"
8.1,The Help,PG-13,Drama,146,"'Emma Stone', 'Viola Davis', 'Octavia Spencer'"
8.1,The Sea Inside,PG-13,Biography,125,"'Javier Bardem', 'Bel\xe9n Reda', 'Lola De\xf1as'"
8.1,Elite Squad,R,Action,115,"'Wagner Mora', 'Andr\xe9 Ramiro', 'Caio Jnqeira'"
8.1,The Hustler,UNRATED,Drama,134,"'Pal Newman', 'Jackie Gleason', 'Piper Larie'"
8.1,Rio Bravo,NOT RATED,Western,141,"'John Wayne', 'Dean Martin', 'Ricky Nelson'"
8.1,Twelve Monkeys,R,Mystery,129,"'Brce Willis', 'Madeleine Stowe', 'Brad Pitt'"
8.1,Harvey,NOT RATED,Comedy,104,"'James Stewart', 'Josephine Hll', 'Peggy Dow'"
8.1,A Christmas Story,PG,Comedy,94,"'Peter Billingsley', 'Melinda Dillon', 'Darren McGavin'"
8.1,Jaws,PG,Drama,124,"'Roy Scheider', 'Robert Shaw', 'Richard Dreyfss'"
8.1,The Raid 2,R,Action,150,"'Iko Uwais', 'Yayan Rhian', 'Arifin Ptra'"
8.1,Rocky,PG,Drama,119,"'Sylvester Stallone', 'Talia Shire', 'Brt Yong'"
8.1,Wings of Desire,PG-13,Drama,128,"'Brno Ganz', 'Solveig Dommartin', 'Otto Sander'"
8.1,Pirates of the Caribbean: The Curse of the Black Pearl,PG-13,Adventure,143,"'Johnny Depp', 'Geoffrey Rsh', 'Orlando Bloom'"
8.1,The Killing,APPROVED,Crime,85,"'Sterling Hayden', 'Coleen Gray', 'Vince Edwards'"
8.1,Papillon,R,Biography,151,"'Steve McQeen', 'Dstin Hoffman', 'Victor Jory'"
8.1,The King's Speech,R,Biography,118,"'Colin Firth', 'Geoffrey Rsh', 'Helena Bonham Carter'"
8.1,Groundhog Day,PG,Comedy,101,"'Bill Mrray', 'Andie MacDowell', 'Chris Elliott'"
8.1,A Fistful of Dollars,R,Action,99,"'Clint Eastwood', 'Gian Maria Volont\xe9', 'Marianne Koch'"
8.1,"Monsters, Inc.",G,Animation,92,"'Billy Crystal', 'John Goodman', 'Mary Gibbs'"
8.1,Dog Day Afternoon,R,Crime,125,"'Al Pacino', 'John Cazale', 'Penelope Allen'"
8.1,The Perks of Being a Wallflower,PG-13,Drama,102,"'Logan Lerman', 'Emma Watson', 'Ezra Miller'"
8.1,Young Frankenstein,PG,Comedy,106,"'Gene Wilder', 'Madeline Kahn', 'Marty Feldman'"
8.1,The Terminator,R,Action,107,"'Arnold Schwarzenegger', 'Linda Hamilton', 'Michael Biehn'"
8.1,Harold and Maude,GP,Comedy,91,"'Rth Gordon', 'Bd Cort', 'Vivian Pickles'"
8.1,Before Sunset,R,Drama,80,"'Ethan Hawke', 'Jlie Delpy', 'Vernon Dobtcheff'"
8.1,A Streetcar Named Desire,PG,Drama,122,"'Vivien Leigh', 'Marlon Brando', 'Kim Hnter'"
8.1,Bringing Up Baby,APPROVED,Comedy,102,"'Katharine Hepbrn', 'Cary Grant', 'Charles Rggles'"
8.1,The Diving Bell and the Butterfly,PG-13,Biography,112,"'Mathie Amalric', 'Emmanelle Seigner', 'Marie-Jos\xe9e Croze'"
8.1,His Girl Friday,APPROVED,Comedy,92,"'Cary Grant', 'Rosalind Rssell', 'Ralph Bellamy'"
8.1,Sling Blade,R,Drama,135,"'Billy Bob Thornton', 'Dwight Yoakam', 'J.T. Walsh'"
8.1,All Quiet on the Western Front,UNRATED,Drama,136,"'Lew Ayres', 'Lois Wolheim', 'John Wray'"
8.1,Prisoners,R,Crime,153,"'Hgh Jackman', 'Jake Gyllenhaal', 'Viola Davis'"
8.1,The Return,UNRATED,Drama,105,"'Vladimir Garin', 'Ivan Dobronravov', 'Konstantin Lavronenko'"
8.1,The Manchurian Candidate,APPROVED,Mystery,126,"'Frank Sinatra', 'Larence Harvey', 'Janet Leigh'"
8.1,Duck Soup,PASSED,Comedy,68,"'Grocho Marx', 'Harpo Marx', 'Chico Marx'"
8.1,Beauty and the Beast,G,Animation,84,"""Paige O'Hara"", 'Robby Benson', 'Richard White'"
8.1,The Truman Show,PG,Drama,103,"'Jim Carrey', 'Ed Harris', 'Lara Linney'"
8.1,The Wild Bunch,R,Action,145,"'William Holden', 'Ernest Borgnine', 'Robert Ryan'"
8.0,Rope,PG,Crime,80,"'James Stewart', 'John Dall', 'Farley Granger'"
8.0,The Graduate,APPROVED,Comedy,106,"'Dstin Hoffman', 'Anne Bancroft', 'Katharine Ross'"
8.0,Jurassic Park,PG-13,Adventure,127,"'Sam Neill', 'Lara Dern', 'Jeff Goldblm'"
8.0,Dogville,R,Crime,178,"'Nicole Kidman', 'Pal Bettany', 'Laren Bacall'"
8.0,Furious 7,PG-13,Action,137,"'Vin Diesel', 'Pal Walker', 'Dwayne Johnson'"
8.0,Patton,GP,Biography,172,"'George C. Scott', 'Karl Malden', 'Stephen Yong'"
8.0,The Nightmare Before Christmas,PG,Animation,76,"'Danny Elfman', 'Chris Sarandon', ""Catherine O'Hara"""
8.0,Being There,PG,Comedy,130,"'Peter Sellers', 'Shirley MacLaine', 'Melvyn Doglas'"
8.0,Persepolis,PG-13,Animation,96,"'Chiara Mastroianni', 'Catherine Deneve', 'Gena Rowlands'"
8.0,This Is Spinal Tap,R,Comedy,82,"'Rob Reiner', 'Michael McKean', 'Christopher Gest'"
8.0,East of Eden,PG,Drama,115,"'James Dean', 'Raymond Massey', 'Jlie Harris'"
8.0,Pink Floyd The Wall,R,Animation,95,"'Bob Geldof', 'Christine Hargreaves', 'James Larenson'"
8.0,Blood Diamond,R,Adventure,143,"'Leonardo DiCaprio', 'Djimon Honso', 'Jennifer Connelly'"
8.0,Big Fish,PG-13,Adventure,125,"'Ewan McGregor', 'Albert Finney', 'Billy Crdp'"
8.0,Slumdog Millionaire,R,Drama,120,"'Dev Patel', 'Freida Pinto', 'Sarabh Shkla'"
8.0,Star Trek,PG-13,Action,127,"'Chris Pine', 'Zachary Qinto', 'Simon Pegg'"
8.0,The Straight Story,G,Biography,112,"'Richard Farnsworth', 'Sissy Spacek', 'Jane Galloway Heitz'"
8.0,Crimes and Misdemeanors,PG-13,Comedy,104,"'Martin Landa', 'Woody Allen', 'Bill Bernstein'"
8.0,Charade,NOT RATED,Comedy,113,"'Cary Grant', 'Adrey Hepbrn', 'Walter Mattha'"
8.0,JFK,R,Drama,189,"'Kevin Costner', 'Gary Oldman', 'Jack Lemmon'"
8.0,Dawn of the Dead,UNRATED,Horror,127,"'David Emge', 'Ken Foree', 'Scott H. Reiniger'"
8.0,Magnolia,R,Drama,188,"'Tom Crise', 'Jason Robards', 'Jlianne Moore'"
8.0,Manhattan,R,Comedy,96,"'Woody Allen', 'Diane Keaton', 'Mariel Hemingway'"
8.0,Central Station,R,Drama,113,"'Fernanda Montenegro', 'Vin\xedcis de Oliveira', 'Mar\xedlia P\xeara'"
8.0,Brazil,R,Sci-Fi,132,"'Jonathan Pryce', 'Kim Greist', 'Robert De Niro'"
8.0,The Exorcist,R,Horror,122,"'Ellen Brstyn', 'Max von Sydow', 'Linda Blair'"
8.0,Her,R,Drama,126,"'Joaqin Phoenix', 'Amy Adams', 'Scarlett Johansson'"
8.0,Dancer in the Dark,R,Crime,140,"'Bj\xf6rk', 'Catherine Deneve', 'David Morse'"
8.0,Rain Man,R,Drama,133,"'Dstin Hoffman', 'Tom Crise', 'Valeria Golino'"
8.0,Talk to Her,R,Drama,112,"'Rosario Flores', 'Javier C\xe1mara', 'Dar\xedo Grandinetti'"
8.0,The Adventures of Robin Hood,PG,Action,102,"'Errol Flynn', 'Olivia de Havilland', 'Basil Rathbone'"
8.0,"Aguirre, the Wrath of God",NOT RATED,Adventure,93,"'Klas Kinski', 'Ry Gerra', 'Helena Rojo'"
8.0,In the Heat of the Night,APPROVED,Crime,109,"'Sidney Poitier', 'Rod Steiger', 'Warren Oates'"
8.0,Nosferatu,UNRATED,Horror,81,"'Max Schreck', 'Greta Schr\xf6der', 'Rth Landshoff'"
8.0,Black Swan,R,Drama,108,"'Natalie Portman', 'Mila Knis', 'Vincent Cassel'"
8.0,Ratatouille,G,Animation,111,"'Brad Garrett', 'Lo Romano', 'Patton Oswalt'"
8.0,The Searchers,APPROVED,Adventure,119,"'John Wayne', 'Jeffrey Hnter', 'Vera Miles'"
8.0,Short Term 12,R,Drama,96,"'Brie Larson', 'Frantz Trner', 'John Gallagher Jr.'"
8.0,Doctor Zhivago,PG-13,Drama,197,"'Omar Sharif', 'Jlie Christie', 'Geraldine Chaplin'"
8.0,Life of Pi,PG,Adventure,127,"'Sraj Sharma', 'Irrfan Khan', 'Adil Hssain'"
8.0,All the President's Men,R,Drama,138,"'Dstin Hoffman', 'Robert Redford', 'Jack Warden'"
8.0,Battleship Potemkin,UNRATED,History,66,"'Aleksandr Antonov', 'Vladimir Barsky', 'Grigori Aleksandrov'"
8.0,Dances with Wolves,PG-13,Adventure,181,"'Kevin Costner', 'Mary McDonnell', 'Graham Greene'"
8.0,Catch Me If You Can,PG-13,Biography,141,"'Leonardo DiCaprio', 'Tom Hanks', 'Christopher Walken'"
8.0,Cinderella Man,PG-13,Biography,144,"'Rssell Crowe', 'Ren\xe9e Zellweger', 'Craig Bierko'"
8.0,Dead Poets Society,PG,Drama,128,"'Robin Williams', 'Robert Sean Leonard', 'Ethan Hawke'"
8.0,Ghost in the Shell,NOT RATED,Animation,83,"'Atsko Tanaka', 'Iemasa Kaymi', 'Akio \xd4tska'"
8.0,Head-On,R,Drama,121,"'Birol \xdcnel', 'Sibel Kekilli', 'G\xfcven Kira\xe7'"
8.0,No Man's Land,R,Drama,98,"'Branko Djric', 'Rene Bitorajac', 'Filip Sovagovic'"
8.0,Dallas Buyers Club,R,Biography,117,"'Matthew McConaghey', 'Jennifer Garner', 'Jared Leto'"
8.0,Days of Heaven,PG,Drama,94,"'Richard Gere', 'Brooke Adams', 'Sam Shepard'"
8.0,The Sound of Music,G,Biography,174,"'Jlie Andrews', 'Christopher Plmmer', 'Eleanor Parker'"
8.0,District 9,R,Action,112,"'Sharlto Copley', 'David James', 'Jason Cope'"
8.0,Shadow of a Doubt,APPROVED,Thriller,108,"'Teresa Wright', 'Joseph Cotten', 'Macdonald Carey'"
8.0,Frankenstein,UNRATED,Horror,70,"'Colin Clive', 'Mae Clarke', 'Boris Karloff'"
8.0,Shaun of the Dead,R,Comedy,99,"'Simon Pegg', 'Nick Frost', 'Kate Ashfield'"
8.0,Night of the Living Dead,UNRATED,Horror,96,"'Dane Jones', ""Jdith O'Dea"", 'Karl Hardman'"
8.0,Kill Bill: Vol. 2,R,Action,137,"'Uma Thrman', 'David Carradine', 'Michael Madsen'"
8.0,Secrets & Lies,R,Drama,136,"'Timothy Spall', 'Brenda Blethyn', 'Phyllis Logan'"
8.0,The Artist,PG-13,Comedy,100,"'Jean Djardin', 'B\xe9r\xe9nice Bejo', 'John Goodman'"
8.0,Aladdin,G,Animation,90,"'Scott Weinger', 'Robin Williams', 'Linda Larkin'"
8.0,The Lady Vanishes,PASSED,Comedy,96,"'Margaret Lockwood', 'Michael Redgrave', 'Pal Lkas'"
8.0,The Hobbit: The Desolation of Smaug,PG-13,Adventure,161,"'Ian McKellen', 'Martin Freeman', 'Richard Armitage'"
8.0,Let the Right One In,R,Drama,115,"'K\xe5re Hedebrant', 'Lina Leandersson', 'Per Ragnar'"
8.0,Fiddler on the Roof,G,Drama,181,"'Topol', 'Norma Crane', 'Leonard Frey'"
8.0,The Hobbit: An Unexpected Journey,PG-13,Adventure,169,"'Martin Freeman', 'Ian McKellen', 'Richard Armitage'"
8.0,Three Colors: Blue,R,Drama,98,"'Jliette Binoche', 'Zbigniew Zamachowski', 'Jlie Delpy'"
8.0,Rosemary's Baby,R,Drama,136,"'Mia Farrow', 'John Cassavetes', 'Rth Gordon'"
8.0,Mystic River,R,Crime,138,"'Sean Penn', 'Tim Robbins', 'Kevin Bacon'"
8.0,Serenity,PG-13,Action,119,"'Nathan Fillion', 'Gina Torres', 'Chiwetel Ejiofor'"
8.0,Amarcord,R,Comedy,123,"'Magali No\xebl', 'Brno Zanin', 'Ppella Maggio'"
8.0,Planet of the Apes,G,Adventure,112,"'Charlton Heston', 'Roddy McDowall', 'Kim Hnter'"
8.0,True Romance,R,Crime,120,"'Christian Slater', 'Patricia Arqette', 'Dennis Hopper'"
8.0,Hannah and Her Sisters,PG-13,Comedy,103,"'Mia Farrow', 'Dianne Wiest', 'Michael Caine'"
8.0,Moon,R,Drama,97,"'Sam Rockwell', 'Kevin Spacey', 'Dominiqe McElligott'"
8.0,Before Midnight,R,Drama,109,"'Ethan Hawke', 'Jlie Delpy', 'Seams Davey-Fitzpatrick'"
8.0,My Name Is Khan,PG-13,Drama,165,"'Shah Rkh Khan', 'Kajol', 'Sheetal Menon'"
8.0,Scent of a Woman,R,Drama,156,"'Al Pacino', ""Chris O'Donnell"", 'James Rebhorn'"
8.0,Mulholland Dr.,R,Drama,147,"'Naomi Watts', 'Lara Harring', 'Jstin Therox'"
8.0,King Kong,UNRATED,Adventure,100,"'Fay Wray', 'Robert Armstrong', 'Brce Cabot'"
8.0,The Fault in Our Stars,PG-13,Drama,126,"'Shailene Woodley', 'Ansel Elgort', 'Nat Wolff'"
8.0,The Incredibles,PG,Animation,115,"'Craig T. Nelson', 'Samel L. Jackson', 'Holly Hnter'"
8.0,Edward Scissorhands,PG-13,Drama,105,"'Johnny Depp', 'Winona Ryder', 'Dianne Wiest'"
8.0,Casino Royale,PG-13,Action,144,"'Daniel Craig', 'Eva Green', 'Jdi Dench'"
8.0,How to Train Your Dragon 2,PG,Animation,102,"'Jay Barchel', 'Cate Blanchett', 'Gerard Btler'"
8.0,In Bruges,R,Comedy,107,"'Colin Farrell', 'Brendan Gleeson', 'Ciar\xe1n Hinds'"
8.0,The Untouchables,R,Crime,119,"'Kevin Costner', 'Sean Connery', 'Robert De Niro'"
8.0,Breathless,UNRATED,Crime,90,"'Jean-Pal Belmondo', 'Jean Seberg', 'Daniel Bolanger'"
8.0,Spartacus,PG-13,Action,197,"'Kirk Doglas', 'Larence Olivier', 'Jean Simmons'"
8.0,The Iron Giant,PG,Animation,86,"'Eli Marienthal', 'Harry Connick Jr.', 'Jennifer Aniston'"
8.0,Midnight Cowboy,X,Drama,113,"'Dstin Hoffman', 'Jon Voight', 'Sylvia Miles'"
8.0,The Blues Brothers,R,Action,133,"'John Belshi', 'Dan Aykroyd', 'Cab Calloway'"
8.0,Freaks,UNRATED,Drama,64,"'Wallace Ford', 'Leila Hyams', 'Olga Baclanova'"
8.0,Letters from Iwo Jima,R,Drama,141,"'Ken Watanabe', 'Kaznari Ninomiya', 'Tsyoshi Ihara'"
8.0,Edge of Tomorrow,PG-13,Action,113,"'Tom Crise', 'Emily Blnt', 'Bill Paxton'"
8.0,Glory,R,Drama,122,"'Matthew Broderick', 'Denzel Washington', 'Cary Elwes'"
8.0,The African Queen,PG,Adventure,105,"'Hmphrey Bogart', 'Katharine Hepbrn', 'Robert Morley'"
7.9,Birdman: Or (The Unexpected Virtue of Ignorance),R,Comedy,119,"'Michael Keaton', 'Zach Galifianakis', 'Edward Norton'"
7.9,Big Hero 6,PG,Animation,102,"'Ryan Potter', 'Scott Adsit', 'Jamie Chng'"
7.9,Almost Famous,R,Drama,122,"'Billy Crdp', 'Patrick Fgit', 'Kate Hdson'"
7.9,The Notebook,PG-13,Drama,123,"'Gena Rowlands', 'James Garner', 'Rachel McAdams'"
7.9,The Conversation,PG,Drama,113,"'Gene Hackman', 'John Cazale', 'Allen Garfield'"
7.9,The Breakfast Club,R,Comedy,97,"'Emilio Estevez', 'Jdd Nelson', 'Molly Ringwald'"
7.9,The Pursuit of Happyness,PG-13,Biography,117,"'Will Smith', 'Thandie Newton', 'Jaden Smith'"
7.9,The Killer,R,Action,111,"'Yn-Fat Chow', 'Danny Lee', 'Sally Yeh'"
7.9,Once,R,Drama,85,"'Glen Hansard', 'Mark\xe9ta Irglov\xe1', 'Hgh Walsh'"
7.9,Ying xiong,PG-13,Action,99,"'Jet Li', 'Tony Chi Wai Leng', 'Maggie Cheng'"
7.9,The Remains of the Day,PG,Drama,134,"'Anthony Hopkins', 'Emma Thompson', 'John Haycraft'"
7.9,The Bride of Frankenstein,NOT RATED,Horror,75,"'Boris Karloff', 'Elsa Lanchester', 'Colin Clive'"
7.9,The Wrestler,R,Drama,109,"'Mickey Rorke', 'Marisa Tomei', 'Evan Rachel Wood'"
7.9,Nightcrawler,R,Crime,117,"'Jake Gyllenhaal', 'Rene Rsso', 'Bill Paxton'"
7.9,Gravity,PG-13,Sci-Fi,91,"'Sandra Bllock', 'George Clooney', 'Ed Harris'"
7.9,Hard Boiled,R,Action,128,"'Yn-Fat Chow', 'Tony Chi Wai Leng', 'Teresa Mo'"
7.9,Bonnie and Clyde,APPROVED,Biography,111,"'Warren Beatty', 'Faye Dnaway', 'Michael J. Pollard'"
7.9,The Bourne Identity,PG-13,Action,119,"'Franka Potente', 'Matt Damon', 'Chris Cooper'"
7.9,Key Largo,UNRATED,Crime,100,"'Hmphrey Bogart', 'Edward G. Robinson', 'Laren Bacall'"
7.9,Nine Queens,R,Crime,114,"'Ricardo Dar\xedn', 'Gast\xf3n Pals', 'Leticia Br\xe9dice'"
7.9,Toy Story 2,G,Animation,92,"'Tom Hanks', 'Tim Allen', 'Joan Csack'"
7.9,The Killing Fields,R,Drama,141,"'Sam Waterston', 'Haing S. Ngor', 'John Malkovich'"
7.9,All About My Mother,R,Drama,101,"'Cecilia Roth', 'Marisa Paredes', 'Candela Pe\xf1a'"
7.9,Cowboy Bebop: The Movie,R,Animation,115,"'Bea Billingslea', 'Melissa Fahn', 'Nicholas Gest'"
7.9,Ed Wood,R,Biography,127,"'Johnny Depp', 'Martin Landa', 'Sarah Jessica Parker'"
7.9,Stagecoach,NOT RATED,Adventure,96,"'John Wayne', 'Claire Trevor', 'Andy Devine'"
7.9,The Man Who Would Be King,PG,Action,129,"'Sean Connery', 'Michael Caine', 'Christopher Plmmer'"
7.9,The Outlaw Josey Wales,PG,Western,135,"'Clint Eastwood', 'Sondra Locke', 'Chief Dan George'"
7.9,Children of Men,R,Drama,109,"'Jlianne Moore', 'Clive Owen', 'Chiwetel Ejiofor'"
7.9,The Insider,R,Biography,157,"'Rssell Crowe', 'Al Pacino', 'Christopher Plmmer'"
7.9,The Right Stuff,R,Adventure,193,"'Sam Shepard', 'Scott Glenn', 'Ed Harris'"
7.9,Badlands,PG,Crime,94,"'Martin Sheen', 'Sissy Spacek', 'Warren Oates'"
7.9,A Prophet,R,Crime,155,"'Tahar Rahim', 'Niels Arestrp', 'Adel Bencherif'"
7.9,"4 Months, 3 Weeks and 2 Days",NOT RATED,Drama,113,"'Anamaria Marinca', 'Vlad Ivanov', 'Lara Vasili'"
7.9,Le passe,PG-13,Drama,130,"'B\xe9r\xe9nice Bejo', 'Tahar Rahim', 'Ali Mosaffa'"
7.9,The Fall,R,Adventure,117,"'Lee Pace', 'Catinca Untar', 'Jstine Waddell'"
7.9,Breaking the Waves,R,Drama,159,"'Emily Watson', 'Stellan Skarsg\xe5rd', 'Katrin Cartlidge'"
7.9,Mr. Nobody,R,Drama,141,"'Jared Leto', 'Sarah Polley', 'Diane Krger'"
7.9,Crash,R,Drama,112,"'Don Cheadle', 'Sandra Bllock', 'Thandie Newton'"
7.9,Avatar,PG-13,Action,162,"'Sam Worthington', 'Zoe Saldana', 'Sigorney Weaver'"
7.9,Iron Man,PG-13,Action,126,"'Robert Downey Jr.', 'Gwyneth Paltrow', 'Terrence Howard'"
7.9,Do the Right Thing,R,Comedy,120,"'Danny Aiello', 'Ossie Davis', 'Rby Dee'"
7.9,Carlito's Way,R,Crime,144,"'Al Pacino', 'Sean Penn', 'Penelope Ann Miller'"
7.9,"Crouching Tiger, Hidden Dragon",PG-13,Action,120,"'Yn-Fat Chow', 'Michelle Yeoh', 'Ziyi Zhang'"
7.9,Lilya 4-Ever,R,Crime,109,"'Oksana Akinshina', 'Artyom Bogcharskiy', 'Pavel Ponomaryov'"
7.9,The Chorus,PG-13,Drama,97,"'G\xe9rard Jgnot', 'Fran\xe7ois Berl\xe9and', 'Jean-Baptiste Manier'"
7.9,The Boondock Saints,R,Action,108,"'Willem Dafoe', 'Sean Patrick Flanery', 'Norman Reeds'"
7.9,Miller's Crossing,R,Crime,115,"'Gabriel Byrne', 'Albert Finney', 'John Trtrro'"
7.9,Walk the Line,PG-13,Biography,136,"'Joaqin Phoenix', 'Reese Witherspoon', 'Ginnifer Goodwin'"
7.9,Shrek,PG,Animation,90,"'Mike Myers', 'Eddie Mrphy', 'Cameron Diaz'"
7.9,My Fair Lady,APPROVED,Drama,170,"'Adrey Hepbrn', 'Rex Harrison', 'Stanley Holloway'"
7.9,The Ten Commandments,APPROVED,Adventure,220,"'Charlton Heston', 'Yl Brynner', 'Anne Baxter'"
7.9,The Fighter,R,Biography,116,"'Mark Wahlberg', 'Christian Bale', 'Amy Adams'"
7.9,Captain Phillips,PG-13,Biography,134,"'Tom Hanks', 'Barkhad Abdi', 'Barkhad Abdirahman'"
7.9,Cabaret,PG,Drama,124,"'Liza Minnelli', 'Michael York', 'Helmt Griem'"
7.9,Halloween,R,Drama,91,"'Donald Pleasence', 'Jamie Lee Crtis', 'Tony Moran'"
7.9,My Left Foot,R,Biography,103,"'Daniel Day-Lewis', 'Brenda Fricker', 'Alison Whelan'"
7.9,Miracle on 34th Street,APPROVED,Comedy,96,"'Edmnd Gwenn', ""Mareen O'Hara"", 'John Payne'"
7.9,The Man from Nowhere,R,Action,119,"'Bin Won', 'Sae-ron Kim', 'Tae-hoon Kim'"
7.9,Toki o kakeru shojo,NOT RATED,Animation,98,"'Riisa Naka', 'Takya Ishida', 'Mitstaka Itakra'"
7.9,Little Miss Sunshine,R,Adventure,101,"'Steve Carell', 'Toni Collette', 'Greg Kinnear'"
7.9,Taken,PG-13,Action,93,"'Liam Neeson', 'Maggie Grace', 'Famke Janssen'"
7.9,Blue Is the Warmest Color,NC-17,Drama,179,"'L\xe9a Seydox', 'Ad\xe8le Exarchopolos', 'Salim Kechioche'"
7.9,Boogie Nights,R,Drama,155,"'Mark Wahlberg', 'Jlianne Moore', 'Brt Reynolds'"
7.9,Hot Fuzz,R,Comedy,121,"'Simon Pegg', 'Nick Frost', 'Martin Freeman'"
7.9,Ferris Bueller's Day Off,PG-13,Comedy,103,"'Matthew Broderick', 'Alan Rck', 'Mia Sara'"
7.9,The World's Fastest Indian,PG-13,Biography,127,"'Anthony Hopkins', 'Diane Ladd', 'Iain Rea'"
7.9,Kiki's Delivery Service,G,Animation,103,"'Kirsten Dnst', 'Minami Takayama', 'Rei Sakma'"
7.9,Down by Law,R,Comedy,107,"'Tom Waits', 'John Lrie', 'Roberto Benigni'"
7.9,Glengarry Glen Ross,R,Drama,100,"'Al Pacino', 'Jack Lemmon', 'Alec Baldwin'"
7.9,Clerks,R,Comedy,92,"""Brian O'Halloran"", 'Jeff Anderson', 'Marilyn Ghigliotti'"
7.9,Adam's Apples,R,Comedy,94,"'Ulrich Thomsen', 'Mads Mikkelsen', 'Nicolas Bro'"
7.9,The Girl with the Dragon Tattoo,R,Crime,158,"'Daniel Craig', 'Rooney Mara', 'Christopher Plmmer'"
7.9,The 39 Steps,UNRATED,Mystery,86,"'Robert Donat', 'Madeleine Carroll', 'Lcie Mannheim'"
7.9,E.T. the Extra-Terrestrial,PG,Family,115,"'Henry Thomas', 'Drew Barrymore', 'Peter Coyote'"
7.8,Tombstone,R,Action,130,"'Krt Rssell', 'Val Kilmer', 'Sam Elliott'"
7.8,Predator,R,Action,107,"'Arnold Schwarzenegger', 'Carl Weathers', 'Kevin Peter Hall'"
7.8,Tangled,PG,Animation,100,"'Mandy Moore', 'Zachary Levi', 'Donna Mrphy'"
7.8,Guess Who's Coming to Dinner,UNRATED,Comedy,108,"'Spencer Tracy', 'Sidney Poitier', 'Katharine Hepbrn'"
7.8,Ordinary People,R,Drama,124,"'Donald Stherland', 'Mary Tyler Moore', 'Jdd Hirsch'"
7.8,The Best Offer,R,Crime,131,"'Geoffrey Rsh', 'Jim Strgess', 'Sylvia Hoeks'"
7.8,Silver Linings Playbook,R,Comedy,122,"'Bradley Cooper', 'Jennifer Lawrence', 'Robert De Niro'"
7.8,Hamlet,PG-13,Drama,242,"'Kenneth Branagh', 'Jlie Christie', 'Derek Jacobi'"
7.8,Amour,PG-13,Drama,127,"'Jean-Lois Trintignant', 'Emmanelle Riva', 'Isabelle Hppert'"
7.8,I Saw the Devil,NOT RATED,Crime,141,"'Byng-hn Lee', 'Min-sik Choi', 'In-seo Kim'"
7.8,The Motorcycle Diaries,R,Adventure,126,"'Gael Garc\xeda Bernal', 'Rodrigo De la Serna', 'M\xeda Maestro'"
7.8,Office Space,R,Comedy,89,"'Ron Livingston', 'Jennifer Aniston', 'David Herman'"
7.8,Evil,NOT RATED,Drama,113,"'Andreas Wilson', 'Henrik Lndstr\xf6m', 'Gstaf Skarsg\xe5rd'"
7.8,The Girl with the Dragon Tattoo,R,Crime,152,"'Michael Nyqvist', 'Noomi Rapace', 'Ewa Fr\xf6ling'"
7.8,Withnail & I,R,Comedy,107,"'Richard E. Grant', 'Pal McGann', 'Richard Griffiths'"
7.8,The Day the Earth Stood Still,APPROVED,Sci-Fi,92,"'Michael Rennie', 'Patricia Neal', 'Hgh Marlowe'"
7.8,Black Book,R,Drama,145,"'Carice van Hoten', 'Sebastian Koch', 'Thom Hoffman'"
7.8,Evil Dead II,X,Comedy,84,"'Brce Campbell', 'Sarah Berry', 'Dan Hicks'"
7.8,Kaze tachinu,PG-13,Animation,126,"'Hideaki Anno', 'Hidetoshi Nishijima', 'Miori Takimoto'"
7.8,Star Trek Into Darkness,PG-13,Action,132,"'Chris Pine', 'Zachary Qinto', 'Zoe Saldana'"
7.8,The Triplets of Belleville,PG-13,Animation,78,"'Mich\xe8le Cachetex', 'Jean-Clade Donda', 'Michel Robin'"
7.8,Open Your Eyes,R,Drama,117,"'Edardo Noriega', 'Pen\xe9lope Crz', 'Chete Lera'"
7.8,The Magnificent Seven,NOT RATED,Action,128,"'Yl Brynner', 'Steve McQeen', 'Charles Bronson'"
7.8,Drive,R,Crime,100,"'Ryan Gosling', 'Carey Mlligan', 'Bryan Cranston'"
7.8,Mississippi Burning,R,Crime,128,"'Gene Hackman', 'Willem Dafoe', 'Frances McDormand'"
7.8,The Lego Movie,PG,Animation,100,"'Chris Pratt', 'Will Ferrell', 'Elizabeth Banks'"
7.8,The Day of the Jackal,PG,Crime,143,"'Edward Fox', 'Terence Alexander', 'Michel Aclair'"
7.8,Misery,R,Thriller,107,"'James Caan', 'Kathy Bates', 'Richard Farnsworth'"
7.8,Willy Wonka & the Chocolate Factory,G,Family,100,"'Gene Wilder', 'Jack Albertson', 'Peter Ostrm'"
7.8,Fantasia,G,Animation,125,"'Leopold Stokowski', 'Deems Taylor', 'Corey Brton'"
7.8,Gattaca,PG-13,Drama,106,"'Ethan Hawke', 'Uma Thrman', 'Jde Law'"
7.8,American Gangster,R,Biography,157,"'Denzel Washington', 'Rssell Crowe', 'Chiwetel Ejiofor'"
7.8,Porco Rosso,PG,Animation,94,"'Sh\xfbichir\xf4 Moriyama', 'Tokiko Kat\xf4', 'Sanshi Katsra'"
7.8,The French Connection,R,Action,104,"'Gene Hackman', 'Roy Scheider', 'Fernando Rey'"
7.8,The Boy in the Striped Pajamas,PG-13,Drama,94,"'Asa Btterfield', 'David Thewlis', 'Rpert Friend'"
7.8,Empire of the Sun,PG,Drama,153,"'Christian Bale', 'John Malkovich', 'Miranda Richardson'"
7.8,About Time,R,Drama,123,"'Domhnall Gleeson', 'Rachel McAdams', 'Bill Nighy'"
7.8,Blue Velvet,R,Crime,120,"'Isabella Rossellini', 'Kyle MacLachlan', 'Dennis Hopper'"
7.8,In America,PG-13,Drama,105,"'Paddy Considine', 'Samantha Morton', 'Djimon Honso'"
7.8,The Curious Case of Benjamin Button,PG-13,Drama,166,"'Brad Pitt', 'Cate Blanchett', 'Tilda Swinton'"
7.8,The Last of the Mohicans,R,Action,112,"'Daniel Day-Lewis', 'Madeleine Stowe', 'Rssell Means'"
7.8,Moonrise Kingdom,PG-13,Adventure,94,"'Jared Gilman', 'Kara Hayward', 'Brce Willis'"
7.8,Rebel Without a Cause,PG-13,Drama,111,"'James Dean', 'Natalie Wood', 'Sal Mineo'"
7.8,Fantastic Mr. Fox,PG,Animation,87,"'George Clooney', 'Meryl Streep', 'Bill Mrray'"
7.8,Invasion of the Body Snatchers,APPROVED,Horror,80,"'Kevin McCarthy', 'Dana Wynter', 'Larry Gates'"
7.8,October Sky,PG,Biography,108,"'Jake Gyllenhaal', 'Chris Cooper', 'Lara Dern'"
7.8,Dirty Harry,R,Action,102,"'Clint Eastwood', 'Andrew Robinson', 'Harry Gardino'"
7.8,Ghostbusters,PG,Comedy,105,"'Bill Mrray', 'Dan Aykroyd', 'Sigorney Weaver'"
7.8,Captain America: The Winter Soldier,PG-13,Action,136,"'Chris Evans', 'Samel L. Jackson', 'Scarlett Johansson'"
7.8,Wreck-It Ralph,PG,Animation,101,"'John C. Reilly', 'Jack McBrayer', 'Jane Lynch'"
7.8,The Hangover,R,Comedy,100,"'Zach Galifianakis', 'Bradley Cooper', 'Jstin Bartha'"
7.8,Back to the Future Part II,PG,Adventure,108,"'Michael J. Fox', 'Christopher Lloyd', 'Lea Thompson'"
7.8,Belle de Jour,APPROVED,Drama,101,"'Catherine Deneve', 'Jean Sorel', 'Michel Piccoli'"
7.8,"O Brother, Where Art Thou?",PG-13,Adventure,106,"'George Clooney', 'John Trtrro', 'Tim Blake Nelson'"
7.8,Repulsion,UNRATED,Drama,105,"'Catherine Deneve', 'Ian Hendry', 'John Fraser'"
7.8,Airplane!,PG,Comedy,88,"'Robert Hays', 'Jlie Hagerty', 'Leslie Nielsen'"
7.8,Pride & Prejudice,PG,Drama,129,"'Keira Knightley', 'Matthew Macfadyen', 'Brenda Blethyn'"
7.8,Zulu,UNRATED,Drama,138,"'Stanley Baker', 'Jack Hawkins', 'Ulla Jacobsson'"
7.8,Night on Earth,R,Comedy,129,"'Winona Ryder', 'Gena Rowlands', 'Lisanne Falk'"
7.8,From Here to Eternity,NOT RATED,Drama,118,"'Brt Lancaster', 'Montgomery Clift', 'Deborah Kerr'"
7.8,Apocalypto,R,Action,139,"'Gerardo Taracena', 'Raol Trjillo', 'Dalia Hern\xe1ndez'"
7.8,Atonement,R,Drama,123,"'Keira Knightley', 'James McAvoy', 'Brenda Blethyn'"
7.8,The Dirty Dozen,NOT RATED,Action,150,"'Lee Marvin', 'Ernest Borgnine', 'Charles Bronson'"
7.8,X-Men: First Class,PG-13,Action,132,"'James McAvoy', 'Michael Fassbender', 'Jennifer Lawrence'"
7.8,Run Lola Run,R,Action,80,"'Franka Potente', 'Moritz Bleibtre', 'Herbert Knap'"
7.8,The Longest Day,G,Action,178,"'John Wayne', 'Robert Ryan', 'Richard Brton'"
7.8,Zelig,PG,Comedy,79,"'Woody Allen', 'Mia Farrow', 'Patrick Horgan'"
7.8,The Last Emperor,PG-13,Biography,163,"'John Lone', 'Joan Chen', ""Peter O'Toole"""
7.8,The Goonies,PG,Adventure,114,"'Sean Astin', 'Josh Brolin', 'Jeff Cohen'"
7.8,The White Ribbon,R,Drama,144,"'Christian Friedel', 'Ernst Jacobi', 'Leonie Benesch'"
7.8,The Fugitive,PG-13,Action,130,"'Harrison Ford', 'Tommy Lee Jones', 'Sela Ward'"
7.8,The Color Purple,PG-13,Drama,154,"'Danny Glover', 'Whoopi Goldberg', 'Oprah Winfrey'"
7.8,South Park: Bigger Longer & Uncut,R,Animation,81,"'Trey Parker', 'Matt Stone', 'Mary Kay Bergman'"
7.8,(500) Days of Summer,PG-13,Comedy,95,"'Zooey Deschanel', 'Joseph Gordon-Levitt', 'Geoffrey Arend'"
7.8,Lost in Translation,R,Drama,101,"'Bill Mrray', 'Scarlett Johansson', 'Giovanni Ribisi'"
7.8,Argo,R,Drama,120,"'Ben Affleck', 'Bryan Cranston', 'John Goodman'"
7.8,Blazing Saddles,R,Comedy,93,"'Cleavon Little', 'Gene Wilder', 'Slim Pickens'"
7.8,Breakfast at Tiffany's,NOT RATED,Comedy,115,"'Adrey Hepbrn', 'George Peppard', 'Patricia Neal'"
7.8,Finding Neverland,PG,Biography,106,"'Johnny Depp', 'Kate Winslet', 'Jlie Christie'"
7.8,The Experiment,R,Drama,120,"'Moritz Bleibtre', 'Christian Berkel', 'Oliver Stokowski'"
7.8,Lucky Number Slevin,R,Crime,110,"'Josh Hartnett', 'Ben Kingsley', 'Morgan Freeman'"
7.8,The Theory of Everything,PG-13,Biography,123,"'Eddie Redmayne', 'Felicity Jones', 'Tom Prior'"
7.8,Harry Potter and the Prisoner of Azkaban,PG,Adventure,142,"'Daniel Radcliffe', 'Emma Watson', 'Rpert Grint'"
7.8,Kung Fu Hustle,R,Action,99,"'Stephen Chow', 'Wah Yen', 'Qi Yen'"
7.8,Being John Malkovich,R,Comedy,112,"'John Csack', 'Cameron Diaz', 'Catherine Keener'"
7.8,The Social Network,PG-13,Biography,120,"'Jesse Eisenberg', 'Andrew Garfield', 'Jstin Timberlake'"
7.8,3:10 to Yuma,R,Adventure,122,"'Rssell Crowe', 'Christian Bale', 'Ben Foster'"
7.8,The Name of the Rose,R,Crime,130,"'Sean Connery', 'Christian Slater', 'Helmt Qaltinger'"
7.8,Mary Poppins,APPROVED,Comedy,139,"'Jlie Andrews', 'Dick Van Dyke', 'David Tomlinson'"
7.8,The Game,R,Drama,129,"'Michael Doglas', 'Deborah Kara Unger', 'Sean Penn'"
7.8,Changeling,R,Drama,141,"'Angelina Jolie', 'Colm Feore', 'Amy Ryan'"
7.8,Donnie Brasco,R,Biography,127,"'Al Pacino', 'Johnny Depp', 'Michael Madsen'"
7.8,Serpico,R,Biography,130,"'Al Pacino', 'John Randolph', 'Jack Kehoe'"
7.8,What's Eating Gilbert Grape,PG-13,Drama,118,"'Johnny Depp', 'Leonardo DiCaprio', 'Jliette Lewis'"
7.8,Goldfinger,APPROVED,Action,110,"'Sean Connery', 'Gert Fr\xf6be', 'Honor Blackman'"
7.8,Nebraska,R,Adventure,115,"'Brce Dern', 'Will Forte', 'Jne Sqibb'"
7.8,The Sandlot,PG,Comedy,101,"'Tom Giry', 'Mike Vitar', 'Patrick Renna'"
7.8,Boyz n the Hood,R,Crime,112,"'Cba Gooding Jr.', 'Larence Fishbrne', 'Hdhail Al-Amir'"
7.8,The Bourne Supremacy,PG-13,Action,108,"'Matt Damon', 'Franka Potente', 'Joan Allen'"
7.8,Skyfall,PG-13,Action,143,"'Daniel Craig', 'Javier Bardem', 'Naomie Harris'"
7.8,Ray,PG-13,Biography,152,"'Jamie Foxx', 'Regina King', 'Kerry Washington'"
7.8,300,R,Action,117,"'Gerard Btler', 'Lena Headey', 'David Wenham'"
7.8,A Bronx Tale,R,Crime,121,"'Robert De Niro', 'Chazz Palminteri', 'Lillo Brancato'"
7.8,The Birds,PG-13,Horror,119,"'Rod Taylor', 'Tippi Hedren', 'Szanne Pleshette'"
7.8,Battle Royale,NOT RATED,Action,114,"'Tatsya Fjiwara', 'Aki Maeda', 'Tar\xf4 Yamamoto'"
7.8,Control,R,Biography,122,"'Sam Riley', 'Samantha Morton', 'Craig Parkinson'"
7.8,Kramer vs. Kramer,APPROVED,Drama,105,"'Dstin Hoffman', 'Meryl Streep', 'Jane Alexander'"
7.8,Deliverance,R,Adventure,110,"'Jon Voight', 'Brt Reynolds', 'Ned Beatty'"
7.8,Ocean's Eleven,PG-13,Crime,116,"'George Clooney', 'Brad Pitt', 'Jlia Roberts'"
7.8,As Good as It Gets,PG-13,Comedy,139,"'Jack Nicholson', 'Helen Hnt', 'Greg Kinnear'"
7.8,Awakenings,PG-13,Biography,121,"'Robert De Niro', 'Robin Williams', 'Jlie Kavner'"
7.8,The King of Comedy,PG,Comedy,109,"'Robert De Niro', 'Jerry Lewis', 'Diahnne Abbott'"
7.8,Man on Fire,R,Action,146,"'Denzel Washington', 'Christopher Walken', 'Dakota Fanning'"
7.8,Sabrina,UNRATED,Comedy,113,"'Hmphrey Bogart', 'Adrey Hepbrn', 'William Holden'"
7.8,Dark City,R,Mystery,100,"'Rfs Sewell', 'Kiefer Stherland', 'Jennifer Connelly'"
7.8,Good Bye Lenin!,R,Comedy,121,"'Daniel Br\xfchl', 'Katrin Sa\xdf', 'Chlpan Khamatova'"
7.7,Remember the Titans,PG,Biography,113,"'Denzel Washington', 'Will Patton', 'Wood Harris'"
7.7,Star Trek II: The Wrath of Khan,PG,Action,113,"'William Shatner', 'Leonard Nimoy', 'DeForest Kelley'"
7.7,Road to Perdition,R,Crime,117,"'Tom Hanks', 'Tyler Hoechlin', 'Rob Maxey'"
7.7,Rushmore,R,Comedy,93,"'Jason Schwartzman', 'Bill Mrray', 'Olivia Williams'"
7.7,The Machinist,R,Drama,101,"'Christian Bale', 'Jennifer Jason Leigh', 'Aitana S\xe1nchez-Gij\xf3n'"
7.7,Flipped,PG,Comedy,90,"'Madeline Carroll', 'Callan McAliffe', 'Rebecca De Mornay'"
7.7,The Count of Monte Cristo,PG-13,Action,131,"'Jim Caviezel', 'Gy Pearce', 'Richard Harris'"
7.7,Detachment,NOT RATED,Drama,98,"'Adrien Brody', 'Christina Hendricks', 'Marcia Gay Harden'"
7.7,Love Me If You Dare,R,Comedy,93,"'Gillame Canet', 'Marion Cotillard', 'Thibalt Verhaeghe'"
7.7,Dead Man,R,Drama,121,"'Johnny Depp', 'Gary Farmer', 'Crispin Glover'"
7.7,The Purple Rose of Cairo,PG,Comedy,82,"'Mia Farrow', 'Jeff Daniels', 'Danny Aiello'"
7.7,21 Grams,R,Crime,124,"'Sean Penn', 'Benicio Del Toro', 'Naomi Watts'"
7.7,50/50,R,Comedy,100,"'Joseph Gordon-Levitt', 'Seth Rogen', 'Anna Kendrick'"
7.7,Kick-Ass,R,Action,117,"'Aaron Taylor-Johnson', 'Nicolas Cage', 'Chlo\xeb Grace Moretz'"
7.7,Delicatessen,R,Comedy,99,"'Marie-Lare Dognac', 'Dominiqe Pinon', 'Pascal Benezech'"
7.7,Barton Fink,R,Drama,116,"'John Trtrro', 'John Goodman', 'Jdy Davis'"
7.7,The Last King of Scotland,R,Biography,123,"'James McAvoy', 'Forest Whitaker', 'Gillian Anderson'"
7.7,Adaptation.,R,Comedy,114,"'Nicolas Cage', 'Meryl Streep', 'Chris Cooper'"
7.7,A Very Long Engagement,R,Drama,133,"'Adrey Tato', 'Gaspard Ulliel', 'Jodie Foster'"
7.7,Mysterious Skin,NC-17,Drama,105,"'Brady Corbet', 'Joseph Gordon-Levitt', 'Elisabeth She'"
7.7,Stardust,PG-13,Adventure,127,"'Charlie Cox', 'Claire Danes', 'Sienna Miller'"
7.7,Black Hawk Down,R,Drama,144,"'Josh Hartnett', 'Ewan McGregor', 'Tom Sizemore'"
7.7,Paprika,R,Animation,90,"'Megmi Hayashibara', 'T\xf4r Emori', 'Katsnoske Hori'"
7.7,Fear and Loathing in Las Vegas,R,Comedy,118,"'Johnny Depp', 'Benicio Del Toro', 'Tobey Magire'"
7.7,Frost/Nixon,R,Drama,122,"'Frank Langella', 'Michael Sheen', 'Kevin Bacon'"
7.7,Enter the Dragon,R,Action,102,"'Brce Lee', 'John Saxon', 'Jim Kelly'"
7.7,Short Cuts,R,Comedy,187,"'Andie MacDowell', 'Jlianne Moore', 'Tim Robbins'"
7.7,A Hard Day's Night,APPROVED,Comedy,87,"'John Lennon', 'Pal McCartney', 'George Harrison'"
7.7,The Last Samurai,R,Action,154,"'Tom Crise', 'Ken Watanabe', 'Billy Connolly'"
7.7,The Station Agent,R,Comedy,89,"'Peter Dinklage', 'Patricia Clarkson', 'Bobby Cannavale'"
7.7,Zombieland,R,Comedy,88,"'Jesse Eisenberg', 'Emma Stone', 'Woody Harrelson'"
7.7,Sympathy for Mr. Vengeance,R,Crime,129,"'Kang-ho Song', 'Ha-kyn Shin', 'Doona Bae'"
7.7,Despicable Me,PG,Animation,95,"'Steve Carell', 'Jason Segel', 'Rssell Brand'"
7.7,Shane,APPROVED,Drama,118,"'Alan Ladd', 'Jean Arthr', 'Van Heflin'"
7.7,Forbidden Planet,PASSED,Action,98,"'Walter Pidgeon', 'Anne Francis', 'Leslie Nielsen'"
7.7,Titanic,PG-13,Drama,194,"'Leonardo DiCaprio', 'Kate Winslet', 'Billy Zane'"
7.7,Gone Baby Gone,R,Crime,114,"'Morgan Freeman', 'Ed Harris', 'Casey Affleck'"
7.7,The Dinner Game,PG-13,Comedy,80,"'Thierry Lhermitte', 'Jacqes Villeret', 'Francis Hster'"
7.7,Dawn of the Planet of the Apes,PG-13,Action,130,"'Gary Oldman', 'Keri Rssell', 'Andy Serkis'"
7.7,25th Hour,R,Crime,135,"'Edward Norton', 'Barry Pepper', 'Philip Seymor Hoffman'"
7.7,Ponyo,G,Animation,101,"'Cate Blanchett', 'Matt Damon', 'Liam Neeson'"
7.7,Shine,PG-13,Biography,105,"'Geoffrey Rsh', 'Armin Meller-Stahl', 'Jstin Braine'"
7.7,The Blind Side,PG-13,Biography,129,"'Qinton Aaron', 'Sandra Bllock', 'Tim McGraw'"
7.7,Brokeback Mountain,R,Drama,134,"'Jake Gyllenhaal', 'Heath Ledger', 'Michelle Williams'"
7.7,Cast Away,PG-13,Adventure,143,"'Tom Hanks', 'Helen Hnt', 'Pal Sanchez'"
7.7,Malcolm X,PG-13,Biography,202,"'Denzel Washington', 'Angela Bassett', 'Delroy Lindo'"
7.7,Show Me Love,UNRATED,Comedy,89,"'Alexandra Dahlstr\xf6m', 'Rebecka Liljeberg', 'Erica Carlson'"
7.7,Boy A,R,Drama,106,"'Andrew Garfield', 'Peter Mllan', 'Shan Evans'"
7.7,The Warriors,R,Action,92,"'Michael Beck', 'James Remar', 'Dorsey Wright'"
7.7,Close Encounters of the Third Kind,PG,Drama,137,"'Richard Dreyfss', 'Fran\xe7ois Trffat', 'Teri Garr'"
7.7,Match Point,R,Drama,124,"'Scarlett Johansson', 'Jonathan Rhys Meyers', 'Emily Mortimer'"
7.7,Training Day,R,Crime,122,"'Denzel Washington', 'Ethan Hawke', 'Scott Glenn'"
7.7,The Butterfly Effect,R,Sci-Fi,113,"'Ashton Ktcher', 'Amy Smart', 'Melora Walters'"
7.7,The City of Lost Children,R,Fantasy,112,"'Ron Perlman', 'Daniel Emilfork', 'Jdith Vittet'"
7.7,Billy Elliot,PG-13,Comedy,110,"'Jamie Bell', 'Jlie Walters', 'Jean Heywood'"
7.7,Love Actually,R,Comedy,135,"'Hgh Grant', 'Martine McCtcheon', 'Liam Neeson'"
7.7,The Producers,PG,Comedy,88,"'Zero Mostel', 'Gene Wilder', 'Dick Shawn'"
7.7,Harry Potter and the Deathly Hallows: Part 1,PG-13,Adventure,146,"'Daniel Radcliffe', 'Emma Watson', 'Rpert Grint'"
7.7,The Visitor,PG-13,Drama,104,"'Richard Jenkins', 'Haaz Sleiman', 'Danai Grira'"
7.7,Philadelphia,PG-13,Drama,125,"'Tom Hanks', 'Denzel Washington', 'Roberta Maxwell'"
7.7,Sense and Sensibility,PG,Drama,131,"'Emma Thompson', 'Kate Winslet', 'James Fleet'"
7.7,Three Colors: White,R,Comedy,91,"'Zbigniew Zamachowski', 'Jlie Delpy', 'Jansz Gajos'"
7.7,La grande bellezza,NOT RATED,Drama,142,"'Toni Servillo', 'Carlo Verdone', 'Sabrina Ferilli'"
7.7,Primal Fear,R,Crime,129,"'Richard Gere', 'Lara Linney', 'Edward Norton'"
7.7,Where Eagles Dare,,Action,158,"'Richard Brton', 'Clint Eastwood', 'Mary Ure'"
7.7,Dazed and Confused,R,Comedy,102,"'Jason London', 'Wiley Wiggins', 'Matthew McConaghey'"
7.7,Blood Simple.,R,Crime,99,"'John Getz', 'Frances McDormand', 'Dan Hedaya'"
7.7,This Is England,UNRATED,Crime,101,"'Thomas Trgoose', 'Stephen Graham', 'Jo Hartley'"
7.7,Fearless,PG-13,Action,104,"'Jet Li', 'Li Sn', 'Yong Dong'"
7.7,Dangerous Liaisons,R,Drama,119,"'Glenn Close', 'John Malkovich', 'Michelle Pfeiffer'"
7.7,Saw,R,Horror,103,"'Cary Elwes', 'Leigh Whannell', 'Danny Glover'"
7.7,Snow White and the Seven Dwarfs,APPROVED,Animation,88,"'Adriana Caselotti', 'Harry Stockwell', 'Lcille La Verne'"
7.7,Coraline,PG,Animation,100,"'Dakota Fanning', 'Teri Hatcher', 'John Hodgman'"
7.7,The Hunger Games: Catching Fire,PG-13,Adventure,146,"'Jennifer Lawrence', 'Josh Htcherson', 'Liam Hemsworth'"
7.7,Sophie's Choice,R,Drama,150,"'Meryl Streep', 'Kevin Kline', 'Peter MacNicol'"
7.7,La Vie en Rose,PG-13,Biography,140,"'Marion Cotillard', 'Sylvie Testd', 'Pascal Greggory'"
7.7,Star Wars: Episode III - Revenge of the Sith,PG-13,Action,140,"'Hayden Christensen', 'Natalie Portman', 'Ewan McGregor'"
7.7,True Grit,PG-13,Adventure,110,"'Jeff Bridges', 'Matt Damon', 'Hailee Steinfeld'"
7.7,After Hours,R,Comedy,97,"'Griffin Dnne', 'Rosanna Arqette', 'Verna Bloom'"
7.7,Frozen,PG,Animation,102,"'Kristen Bell', 'Idina Menzel', 'Jonathan Groff'"
7.7,Lolita,NOT RATED,Drama,152,"'James Mason', 'Shelley Winters', 'Se Lyon'"
7.7,Eastern Promises,R,Crime,100,"'Naomi Watts', 'Viggo Mortensen', 'Armin Meller-Stahl'"
7.7,Midnight in Paris,PG-13,Comedy,94,"'Owen Wilson', 'Rachel McAdams', 'Kathy Bates'"
7.7,The Muppet Christmas Carol,G,Comedy,85,"'Michael Caine', 'Dave Goelz', 'Steve Whitmire'"
7.7,Who Framed Roger Rabbit,PG,Animation,104,"'Bob Hoskins', 'Christopher Lloyd', 'Joanna Cassidy'"
7.7,Sympathy for Lady Vengeance,R,Crime,112,"'Yeong-ae Lee', 'Min-sik Choi', 'Shi-hoo Kim'"
7.7,Grindhouse,R,Action,191,"'Krt Rssell', 'Rose McGowan', 'Danny Trejo'"
7.7,In a Better World,R,Drama,119,"'Mikael Persbrandt', 'Trine Dyrholm', 'Marks Rygaard'"
7.7,Blow-Up,NOT RATED,Drama,111,"'David Hemmings', 'Vanessa Redgrave', 'Sarah Miles'"
7.7,The Secret World of Arrietty,G,Animation,94,"'Bridgit Mendler', 'Amy Poehler', 'Will Arnett'"
7.7,Kiss Kiss Bang Bang,R,Action,103,"'Robert Downey Jr.', 'Val Kilmer', 'Michelle Monaghan'"
7.7,Lost Highway,R,Drama,134,"'Bill Pllman', 'Patricia Arqette', 'John Roselis'"
7.7,Zodiac,R,Crime,157,"'Jake Gyllenhaal', 'Robert Downey Jr.', 'Mark Rffalo'"
7.7,Les Miserables,PG-13,Drama,158,"'Hgh Jackman', 'Rssell Crowe', 'Anne Hathaway'"
7.7,Moulin Rouge!,PG-13,Drama,127,"'Nicole Kidman', 'Ewan McGregor', 'John Legizamo'"
7.7,Whale Rider,PG-13,Drama,101,"'Keisha Castle-Hghes', 'Rawiri Paratene', 'Vicky Haghton'"
7.7,End of Watch,R,Crime,109,"'Jake Gyllenhaal', 'Michael Pe\xf1a', 'Anna Kendrick'"
7.7,Philomena,PG-13,Biography,98,"'Jdi Dench', 'Steve Coogan', 'Sophie Kennedy Clark'"
7.7,Fury,R,Action,134,"'Brad Pitt', 'Shia LaBeof', 'Logan Lerman'"
7.7,The Big Blue,PG-13,Action,168,"'Jean-Marc Barr', 'Jean Reno', 'Rosanna Arqette'"
7.7,First Blood,R,Action,93,"'Sylvester Stallone', 'Brian Dennehy', 'Richard Crenna'"
7.7,Minority Report,PG-13,Action,145,"'Tom Crise', 'Colin Farrell', 'Samantha Morton'"
7.7,Spellbound,UNRATED,Film-Noir,111,"'Ingrid Bergman', 'Gregory Peck', 'Michael Chekhov'"
7.7,The Wicker Man,R,Horror,88,"'Edward Woodward', 'Christopher Lee', 'Diane Cilento'"
7.7,Seven Pounds,PG-13,Drama,123,"'Will Smith', 'Rosario Dawson', 'Woody Harrelson'"
7.7,Midnight Express,R,Biography,121,"'Brad Davis', 'Irene Miracle', 'Bo Hopkins'"
7.7,Kelly's Heroes,GP,Action,144,"'Clint Eastwood', 'Telly Savalas', 'Don Rickles'"
7.7,MASH,R,Comedy,116,"'Donald Stherland', 'Elliott Gold', 'Tom Skerritt'"
7.7,The Player,R,Comedy,124,"'Tim Robbins', 'Greta Scacchi', 'Fred Ward'"
7.7,Traffic,R,Crime,147,"'Michael Doglas', 'Benicio Del Toro', 'Catherine Zeta-Jones'"
7.7,Y Tu Mama Tambien,R,Drama,106,"'Maribel Verd\xfa', 'Gael Garc\xeda Bernal', 'Daniel Gim\xe9nez Cacho'"
7.7,Stranger Than Fiction,PG-13,Comedy,113,"'Will Ferrell', 'Emma Thompson', 'Dstin Hoffman'"
7.7,Inside Man,R,Crime,129,"'Denzel Washington', 'Clive Owen', 'Jodie Foster'"
7.6,127 Hours,R,Adventure,94,"'James Franco', 'Amber Tamblyn', 'Kate Mara'"
7.6,The Fifth Element,PG-13,Action,126,"'Brce Willis', 'Milla Jovovich', 'Gary Oldman'"
7.6,Milk,R,Biography,128,"'Sean Penn', 'Josh Brolin', 'Emile Hirsch'"
7.6,United 93,R,Action,111,"'David Alan Basche', 'Olivia Thirlby', 'Liza Col\xf3n-Zayas'"
7.6,Jin ling shi san chai,R,Drama,146,"'Christian Bale', 'Ni Ni', 'Xinyi Zhang'"
7.6,Dracula,APPROVED,Horror,85,"'Bela Lgosi', 'Helen Chandler', 'David Manners'"
7.6,High Plains Drifter,R,Western,105,"'Clint Eastwood', 'Verna Bloom', 'Marianna Hill'"
7.6,I Am Sam,PG-13,Drama,132,"'Sean Penn', 'Michelle Pfeiffer', 'Dakota Fanning'"
7.6,Fried Green Tomatoes,PG-13,Drama,130,"'Kathy Bates', 'Jessica Tandy', 'Mary Start Masterson'"
7.6,Watchmen,R,Action,162,"'Jackie Earle Haley', 'Patrick Wilson', 'Carla Ggino'"
7.6,28 Days Later...,R,Horror,113,"'Cillian Mrphy', 'Naomie Harris', 'Christopher Eccleston'"
7.6,The Illusionist,PG-13,Drama,110,"'Edward Norton', 'Jessica Biel', 'Pal Giamatti'"
7.6,Superbad,R,Comedy,113,"'Michael Cera', 'Jonah Hill', 'Christopher Mintz-Plasse'"
7.6,The Godfather: Part III,R,Crime,162,"'Al Pacino', 'Diane Keaton', 'Andy Garcia'"
7.6,The Royal Tenenbaums,R,Comedy,110,"'Gene Hackman', 'Gwyneth Paltrow', 'Anjelica Hston'"
7.6,The Jungle Book,APPROVED,Animation,78,"'Phil Harris', 'Sebastian Cabot', 'Lois Prima'"
7.6,Thank You for Smoking,R,Comedy,92,"'Aaron Eckhart', 'Cameron Bright', 'Maria Bello'"
7.6,Man Bites Dog,NC-17,Comedy,95,"'Beno\xeet Poelvoorde', 'Jacqeline Poelvoorde-Pappaert', 'Nelly Pappaert'"
7.6,A Few Good Men,R,Drama,138,"'Tom Crise', 'Jack Nicholson', 'Demi Moore'"
7.6,The Legend of Drunken Master,R,Action,102,"'Jackie Chan', 'Ho-Sng Pak', 'Lng Ti'"
7.6,The Kite Runner,PG-13,Drama,128,"'Khalid Abdalla', 'Ahmad Khan Mahmoodzada', 'Atossa Leoni'"
7.6,When Harry Met Sally...,R,Comedy,96,"'Billy Crystal', 'Meg Ryan', 'Carrie Fisher'"
7.6,Munich,R,Drama,164,"'Eric Bana', 'Daniel Craig', 'Marie-Jos\xe9e Croze'"
7.6,House of Sand and Fog,R,Drama,126,"'Jennifer Connelly', 'Ben Kingsley', 'Ron Eldard'"
7.6,Lethal Weapon,R,Action,110,"'Mel Gibson', 'Danny Glover', 'Gary Bsey'"
7.6,Animal House,R,Comedy,109,"'John Belshi', 'Karen Allen', 'Tom Hlce'"
7.6,Lord of War,R,Crime,122,"'Nicolas Cage', 'Ethan Hawke', 'Jared Leto'"
7.6,Blow,R,Biography,124,"'Johnny Depp', 'Pen\xe9lope Crz', 'Franka Potente'"
7.6,Sherlock Holmes,PG-13,Action,128,"'Robert Downey Jr.', 'Jde Law', 'Rachel McAdams'"
7.6,Harry Potter and the Goblet of Fire,PG-13,Adventure,157,"'Daniel Radcliffe', 'Emma Watson', 'Rpert Grint'"
7.6,La piel que habito,R,Thriller,120,"'Antonio Banderas', 'Elena Anaya', 'Jan Cornet'"
7.6,The Crow,R,Action,102,"'Brandon Lee', 'Michael Wincott', 'Rochelle Davis'"
7.6,West Side Story,UNRATED,Crime,152,"'Natalie Wood', 'George Chakiris', 'Richard Beymer'"
7.6,The Thin Red Line,R,Drama,170,"'Jim Caviezel', 'Sean Penn', 'Nick Nolte'"
7.6,American Psycho,R,Crime,102,"'Christian Bale', 'Jstin Therox', 'Josh Lcas'"
7.6,The Blind Swordsman: Zatoichi,R,Action,116,"'Takeshi Kitano', 'Tadanob Asano', 'Yi Natskawa'"
7.6,The Last Temptation of Christ,R,Drama,164,"'Willem Dafoe', 'Harvey Keitel', 'Barbara Hershey'"
7.6,The Naked Gun: From the Files of Police Squad!,PG-13,Comedy,85,"'Leslie Nielsen', 'Priscilla Presley', 'O.J. Simpson'"
7.6,The Others,PG-13,Horror,104,"'Nicole Kidman', 'Christopher Eccleston', 'Fionnla Flanagan'"
7.6,The Party,PG,Comedy,99,"'Peter Sellers', 'Cladine Longet', 'Natalia Borisova'"
7.6,Army of Darkness,R,Comedy,81,"'Brce Campbell', 'Embeth Davidtz', 'Marcs Gilbert'"
7.6,The Hurt Locker,R,Drama,131,"'Jeremy Renner', 'Anthony Mackie', 'Brian Geraghty'"
7.6,The Raid: Redemption,R,Action,101,"'Iko Uwais', 'Ananda George', 'Ray Sahetapy'"
7.6,Volver,R,Comedy,121,"'Pen\xe9lope Crz', 'Carmen Mara', 'Lola De\xf1as'"
7.6,Following,R,Mystery,69,"'Jeremy Theobald', 'Alex Haw', 'Lcy Rssell'"
7.6,Kung Fu Panda,PG,Animation,92,"'Jack Black', 'Ian McShane', 'Angelina Jolie'"
7.6,Mad Max 2: The Road Warrior,R,Action,94,"'Mel Gibson', 'Brce Spence', 'Michael Preston'"
7.6,Jusan-nin no shikaku,R,Action,141,"'K\xf4ji Yaksho', 'Takayki Yamada', 'Y\xfbske Iseya'"
7.6,The Man Who Wasn't There,R,Crime,116,"'Billy Bob Thornton', 'Frances McDormand', 'Michael Badalcco'"
7.6,The Counterfeiters,R,Crime,98,"'Karl Markovics', 'Agst Diehl', 'Devid Striesow'"
7.6,The Hunt for Red October,PG,Action,135,"'Sean Connery', 'Alec Baldwin', 'Scott Glenn'"
7.6,Lone Survivor,R,Action,121,"'Mark Wahlberg', 'Taylor Kitsch', 'Emile Hirsch'"
7.6,A Fish Called Wanda,R,Comedy,108,"'John Cleese', 'Jamie Lee Crtis', 'Kevin Kline'"
7.6,The Impossible,PG-13,Drama,114,"'Naomi Watts', 'Ewan McGregor', 'Tom Holland'"
7.6,Garden State,R,Comedy,102,"'Zach Braff', 'Peter Sarsgaard', 'Natalie Portman'"
7.6,Escape from Alcatraz,PG,Action,112,"'Clint Eastwood', 'Patrick McGoohan', 'Roberts Blossom'"
7.6,Apollo 13,PG,Adventure,140,"'Tom Hanks', 'Bill Paxton', 'Kevin Bacon'"
7.6,"Lust, Caution",NC-17,Drama,157,"'Tony Chi Wai Leng', 'Wei Tang', 'Joan Chen'"
7.6,Selma,PG-13,Biography,128,"'David Oyelowo', 'Carmen Ejogo', 'Tim Roth'"
7.6,Funny Games,UNRATED,Crime,108,"'Ssanne Lothar', 'Ulrich M\xfche', 'Arno Frisch'"
7.6,The Abyss,PG-13,Adventure,139,"'Ed Harris', 'Mary Elizabeth Mastrantonio', 'Michael Biehn'"
7.6,Robin Hood,G,Animation,83,"'Brian Bedford', 'Phil Harris', 'Roger Miller'"
7.6,Enemy at the Gates,R,Drama,131,"'Jde Law', 'Ed Harris', 'Joseph Fiennes'"
7.6,Falling Down,R,Crime,113,"'Michael Doglas', 'Robert Dvall', 'Barbara Hershey'"
7.6,Little Children,R,Drama,136,"'Kate Winslet', 'Jennifer Connelly', 'Patrick Wilson'"
7.6,Hunger,NOT RATED,Biography,96,"'Start Graham', 'Laine Megaw', 'Brian Milligan'"
7.6,Indiana Jones and the Temple of Doom,PG,Action,118,"'Harrison Ford', 'Kate Capshaw', 'Jonathan Ke Qan'"
7.6,Ip Man 2,R,Action,108,"'Donnie Yen', 'Xiaoming Hang', 'Sammo Kam-Bo Hng'"
7.6,The Little Mermaid,G,Animation,83,"'Jodi Benson', 'Samel E. Wright', 'Rene Aberjonois'"
7.6,"It's a Mad, Mad, Mad, Mad World",APPROVED,Action,205,"'Spencer Tracy', 'Milton Berle', 'Ethel Merman'"
7.6,The Reader,R,Drama,124,"'Kate Winslet', 'Ralph Fiennes', 'Brno Ganz'"
7.6,The Omen,R,Horror,111,"'Gregory Peck', 'Lee Remick', 'Harvey Stephens'"
7.6,A Royal Affair,R,Drama,137,"'Alicia Vikander', 'Mads Mikkelsen', 'Mikkel Boe F\xf8lsgaard'"
7.6,Braindead,R,Comedy,104,"'Timothy Balme', 'Diana Pe\xf1alver', 'Elizabeth Moody'"
7.6,Secondhand Lions,PG,Comedy,109,"'Haley Joel Osment', 'Michael Caine', 'Robert Dvall'"
7.6,Disconnect,R,Drama,115,"'Jason Bateman', 'Jonah Bobo', 'Haley Ramm'"
7.6,A Single Man,R,Drama,99,"'Colin Firth', 'Jlianne Moore', 'Matthew Goode'"
7.6,Hoosiers,PG,Drama,114,"'Gene Hackman', 'Barbara Hershey', 'Dennis Hopper'"
7.6,Moneyball,PG-13,Biography,133,"'Brad Pitt', 'Robin Wright', 'Jonah Hill'"
7.6,The Book Thief,PG-13,Drama,131,"'Sophie N\xe9lisse', 'Geoffrey Rsh', 'Emily Watson'"
7.6,Die Hard: With a Vengeance,R,Action,131,"'Brce Willis', 'Jeremy Irons', 'Samel L. Jackson'"
7.6,Interview with the Vampire: The Vampire Chronicles,R,Horror,123,"'Brad Pitt', 'Tom Crise', 'Antonio Banderas'"
7.6,Midnight Run,R,Action,126,"'Robert De Niro', 'Charles Grodin', 'Yaphet Kotto'"
7.6,An American Werewolf in London,R,Comedy,97,"'David Naghton', 'Jenny Agtter', 'Joe Belcher'"
7.6,The Great Debaters,PG-13,Biography,126,"'Denzel Washington', 'Forest Whitaker', 'Kimberly Elise'"
7.6,Tucker and Dale vs. Evil,R,Comedy,89,"'Tyler Labine', 'Alan Tdyk', 'Katrina Bowden'"
7.6,Dead Man Walking,R,Crime,122,"'Ssan Sarandon', 'Sean Penn', 'Robert Prosky'"
7.6,The Piano,R,Drama,121,"'Holly Hnter', 'Harvey Keitel', 'Sam Neill'"
7.6,The Town,R,Crime,125,"'Ben Affleck', 'Rebecca Hall', 'Jon Hamm'"
7.6,Rise of the Planet of the Apes,PG-13,Action,105,"'James Franco', 'Andy Serkis', 'Freida Pinto'"
7.6,Boys Don't Cry,R,Biography,118,"'Hilary Swank', 'Chlo\xeb Sevigny', 'Peter Sarsgaard'"
7.6,Ice Age,PG,Animation,81,"'Denis Leary', 'John Legizamo', 'Ray Romano'"
7.6,Of Mice and Men,PG-13,Drama,115,"'John Malkovich', 'Gary Sinise', 'Ray Walston'"
7.6,Sideways,R,Comedy,126,"'Pal Giamatti', 'Thomas Haden Chrch', 'Virginia Madsen'"
7.6,High Fidelity,R,Comedy,113,"'John Csack', 'Iben Hjejle', 'Todd Loiso'"
7.6,The Meaning of Life,R,Comedy,107,"'John Cleese', 'Terry Gilliam', 'Eric Idle'"
7.6,Hugo,PG,Adventure,126,"'Asa Btterfield', 'Chlo\xeb Grace Moretz', 'Christopher Lee'"
7.6,Leaving Las Vegas,R,Drama,111,"'Nicolas Cage', 'Elisabeth She', 'Jlian Sands'"
7.6,The Evil Dead,NC-17,Horror,85,"'Brce Campbell', 'Ellen Sandweiss', 'Richard DeManincor'"
7.6,Collateral,R,Crime,120,"'Tom Crise', 'Jamie Foxx', 'Jada Pinkett Smith'"
7.6,"Planes, Trains & Automobiles",R,Comedy,93,"'Steve Martin', 'John Candy', 'Laila Robins'"
7.6,Hodejegerne,R,Crime,100,"'Aksel Hennie', 'Synn\xf8ve Macody Lnd', 'Nikolaj Coster-Walda'"
7.6,Field of Dreams,PG,Drama,107,"'Kevin Costner', 'James Earl Jones', 'Ray Liotta'"
7.6,Batman,PG-13,Action,126,"'Michael Keaton', 'Jack Nicholson', 'Kim Basinger'"
7.6,Tell No One,UNRATED,Crime,131,"'Fran\xe7ois Clzet', 'Marie-Jos\xe9e Croze', 'Andr\xe9 Dssollier'"
7.6,Ghost Dog: The Way of the Samurai,R,Action,116,"'Forest Whitaker', 'Henry Silva', 'John Tormey'"
7.6,Chaplin,PG-13,Biography,143,"'Robert Downey Jr.', 'Geraldine Chaplin', 'Pal Rhys'"
7.6,Keith,PG-13,Drama,93,"'Elisabeth Harnois', 'Jesse McCartney', 'Margo Harshman'"
7.6,Juno,PG-13,Comedy,96,"'Ellen Page', 'Michael Cera', 'Jennifer Garner'"
7.6,The Assassination of Jesse James by the Coward Robert Ford,R,Biography,160,"'Brad Pitt', 'Casey Affleck', 'Sam Shepard'"
7.6,The Fisher King,R,Comedy,137,"'Jeff Bridges', 'Robin Williams', 'Adam Bryant'"
7.6,House of Flying Daggers,PG-13,Action,119,"'Ziyi Zhang', 'Takeshi Kaneshiro', 'Andy La'"
7.6,The Hours,PG-13,Drama,114,"'Meryl Streep', 'Nicole Kidman', 'Jlianne Moore'"
7.6,The Damned United,R,Biography,98,"'Colm Meaney', 'Henry Goodman', 'David Roper'"
7.6,Star Trek: First Contact,PG-13,Action,111,"'Patrick Stewart', 'Jonathan Frakes', 'Brent Spiner'"
7.6,The Natural,PG,Drama,138,"'Robert Redford', 'Robert Dvall', 'Glenn Close'"
7.6,The Hobbit: The Battle of the Five Armies,PG-13,Adventure,144,"'Ian McKellen', 'Martin Freeman', 'Richard Armitage'"
7.6,Equilibrium,R,Action,107,"'Christian Bale', 'Sean Bean', 'Emily Watson'"
7.6,August Rush,PG,Drama,114,"'Freddie Highmore', 'Keri Rssell', 'Jonathan Rhys Meyers'"
7.6,Saving Mr. Banks,PG-13,Biography,125,"'Emma Thompson', 'Tom Hanks', 'Annie Rose Bckley'"
7.6,The Hurricane,R,Biography,146,"'Denzel Washington', 'Vicellos Reon Shannon', 'Deborah Kara Unger'"
7.6,Jacob's Ladder,R,Drama,113,"'Tim Robbins', 'Elizabeth Pe\xf1a', 'Danny Aiello'"
7.6,The Curse of the Were-Rabbit,G,Animation,85,"'Peter Sallis', 'Helena Bonham Carter', 'Ralph Fiennes'"
7.6,Christmas Vacation,PG-13,Comedy,97,"'Chevy Chase', ""Beverly D'Angelo"", 'Jliette Lewis'"
7.5,"Good Night, and Good Luck.",PG,Drama,93,"'David Strathairn', 'George Clooney', 'Patricia Clarkson'"
7.5,Straw Dogs,UNRATED,Crime,113,"'Dstin Hoffman', 'Ssan George', 'Peter Vaghan'"
7.5,42,PG-13,Biography,128,"'Chadwick Boseman', 'T.R. Knight', 'Harrison Ford'"
7.5,Rudy,PG,Biography,114,"'Sean Astin', 'Jon Favrea', 'Ned Beatty'"
7.5,Sleepers,R,Crime,147,"'Robert De Niro', 'Kevin Bacon', 'Brad Pitt'"
7.5,The Wind That Shakes the Barley,NOT RATED,Drama,127,"'Cillian Mrphy', 'Padraic Delaney', 'Liam Cnningham'"
7.5,Gangs of New York,R,Crime,167,"'Leonardo DiCaprio', 'Cameron Diaz', 'Daniel Day-Lewis'"
7.5,Elizabeth,R,Biography,124,"'Cate Blanchett', 'Geoffrey Rsh', 'Christopher Eccleston'"
7.5,Green Street Hooligans,R,Crime,109,"'Elijah Wood', 'Charlie Hnnam', 'Claire Forlani'"
7.5,Reign Over Me,R,Drama,124,"'Adam Sandler', 'Don Cheadle', 'Jada Pinkett Smith'"
7.5,RoboCop,R,Action,102,"'Peter Weller', 'Nancy Allen', ""Dan O'Herlihy"""
7.5,The Life of David Gale,R,Crime,130,"'Kevin Spacey', 'Kate Winslet', 'Lara Linney'"
7.5,Life as a House,R,Drama,125,"'Hayden Christensen', 'Kevin Kline', 'Kristin Scott Thomas'"
7.5,Despicable Me 2,PG,Animation,98,"'Steve Carell', 'Kristen Wiig', 'Benjamin Bratt'"
7.5,Jackie Brown,R,Crime,154,"'Pam Grier', 'Samel L. Jackson', 'Robert Forster'"
7.5,Menace II Society,R,Crime,97,"'Tyrin Trner', 'Larenz Tate', 'Jne Kyoto L'"
7.5,The Class,PG-13,Drama,128,"'Fran\xe7ois B\xe9gadea', 'Agame Malembo-Emene', 'Ang\xe9lica Sancio'"
7.5,Bullets Over Broadway,R,Comedy,98,"'John Csack', 'Dianne Wiest', 'Jennifer Tilly'"
7.5,American Splendor,R,Biography,101,"'Pal Giamatti', 'Shari Springer Berman', 'Harvey Pekar'"
7.5,Perfume: The Story of a Murderer,R,Crime,147,"'Ben Whishaw', 'Dstin Hoffman', 'Alan Rickman'"
7.5,Cloud Atlas,R,Drama,172,"'Tom Hanks', 'Halle Berry', 'Hgh Grant'"
7.5,Marathon Man,R,Crime,125,"'Dstin Hoffman', 'Larence Olivier', 'Roy Scheider'"
7.5,Pinocchio,APPROVED,Animation,88,"'Dickie Jones', 'Christian Rb', 'Mel Blanc'"
7.5,The Painted Veil,PG-13,Drama,125,"'Naomi Watts', 'Edward Norton', 'Liev Schreiber'"
7.5,A Simple Plan,R,Crime,121,"'Bill Paxton', 'Billy Bob Thornton', 'Bridget Fonda'"
7.5,The Conjuring,R,Horror,112,"'Patrick Wilson', 'Vera Farmiga', 'Ron Livingston'"
7.5,The Man Who Knew Too Much,PG,Thriller,120,"'James Stewart', 'Doris Day', 'Brenda de Banzie'"
7.5,Quiz Show,PG-13,Drama,133,"'Ralph Fiennes', 'John Trtrro', 'Rob Morrow'"
7.5,American Graffiti,PG,Comedy,110,"'Richard Dreyfss', 'Ron Howard', 'Pal Le Mat'"
7.5,The Bridges of Madison County,PG-13,Drama,135,"'Clint Eastwood', 'Meryl Streep', 'Annie Corley'"
7.5,Gallipoli,PG,Adventure,110,"'Mel Gibson', 'Mark Lee', 'Bill Kerr'"
7.5,L'illusionniste,PG,Animation,80,"'Jean-Clade Donda', 'Eilidh Rankin', 'Dncan MacNeil'"
7.5,Miracle,PG,Drama,135,"'Krt Rssell', 'Patricia Clarkson', 'Nathan West'"
7.5,Maria Full of Grace,R,Crime,101,"'Catalina Sandino Moreno', 'Gilied Lopez', 'Orlando Tob\xf3n'"
7.5,Scott Pilgrim vs. the World,PG-13,Action,112,"'Michael Cera', 'Mary Elizabeth Winstead', 'Kieran Clkin'"
7.5,Pleasantville,PG-13,Comedy,124,"'Tobey Magire', 'Jeff Daniels', 'Joan Allen'"
7.5,Sherlock Holmes: A Game of Shadows,PG-13,Action,129,"'Robert Downey Jr.', 'Jde Law', 'Jared Harris'"
7.5,Doubt,PG-13,Drama,104,"'Meryl Streep', 'Philip Seymor Hoffman', 'Amy Adams'"
7.5,The Fly,R,Horror,96,"'Jeff Goldblm', 'Geena Davis', 'John Getz'"
7.5,The Orphanage,R,Drama,105,"'Bel\xe9n Reda', 'Fernando Cayo', 'Roger Pr\xedncep'"
7.5,Malena,R,Drama,109,"'Monica Bellcci', 'Giseppe Slfaro', 'Lciano Federico'"
7.5,Three Days of the Condor,R,Mystery,117,"'Robert Redford', 'Faye Dnaway', 'Cliff Robertson'"
7.5,[Rec],R,Horror,78,"'Manela Velasco', 'Ferran Terraza', 'Jorge-Yamam Serrano'"
7.5,A Perfect World,PG-13,Crime,138,"'Kevin Costner', 'Clint Eastwood', 'Lara Dern'"
7.5,To Catch a Thief,APPROVED,Mystery,106,"'Cary Grant', 'Grace Kelly', 'Jessie Royce Landis'"
7.5,Best in Show,PG-13,Comedy,90,"'Fred Willard', 'Egene Levy', ""Catherine O'Hara"""
7.5,Everything Is Illuminated,PG-13,Comedy,106,"'Elijah Wood', 'Egene Htz', 'Boris Leskin'"
7.5,A Nightmare on Elm Street,R,Horror,91,"'Heather Langenkamp', 'Johnny Depp', 'Robert Englnd'"
7.5,The Ice Storm,R,Drama,112,"'Kevin Kline', 'Joan Allen', 'Sigorney Weaver'"
7.5,X2,PG-13,Action,134,"'Patrick Stewart', 'Hgh Jackman', 'Halle Berry'"
7.5,We Need to Talk About Kevin,R,Drama,112,"'Tilda Swinton', 'John C. Reilly', 'Ezra Miller'"
7.5,Felon,R,Crime,104,"'Stephen Dorff', 'Marisol Nichols', 'Vincent Miller'"
7.5,Still Alice,PG-13,Drama,101,"'Jlianne Moore', 'Alec Baldwin', 'Kristen Stewart'"
7.5,Rust and Bone,R,Drama,120,"'Marion Cotillard', 'Matthias Schoenaerts', 'Armand Verdre'"
7.5,Freedom Writers,PG-13,Biography,123,"'Hilary Swank', 'Imelda Stanton', 'Patrick Dempsey'"
7.5,Legends of the Fall,R,Drama,133,"'Brad Pitt', 'Anthony Hopkins', 'Aidan Qinn'"
7.5,Buffalo '66,R,Comedy,110,"'Vincent Gallo', 'Christina Ricci', 'Ben Gazzara'"
7.5,The Constant Gardener,R,Drama,129,"'Ralph Fiennes', 'Rachel Weisz', 'Hbert Kond\xe9'"
7.5,My Cousin Vinny,R,Comedy,120,"'Joe Pesci', 'Marisa Tomei', 'Ralph Macchio'"
7.5,The Texas Chain Saw Massacre,R,Horror,83,"'Marilyn Brns', 'Edwin Neal', 'Allen Danziger'"
7.5,Mulan,G,Animation,88,"'Ming-Na Wen', 'Eddie Mrphy', 'BD Wong'"
7.5,A History of Violence,R,Crime,96,"'Viggo Mortensen', 'Maria Bello', 'Ed Harris'"
7.5,Open Range,R,Action,139,"'Kevin Costner', 'Robert Dvall', 'Diego Lna'"
7.5,Total Recall,R,Action,113,"'Arnold Schwarzenegger', 'Sharon Stone', 'Michael Ironside'"
7.5,Pi,R,Drama,84,"'Sean Gllette', 'Mark Margolis', 'Ben Shenkman'"
7.5,The Devil's Backbone,R,Drama,106,"'Marisa Paredes', 'Edardo Noriega', 'Federico Lppi'"
7.5,The Aviator,PG-13,Biography,170,"'Leonardo DiCaprio', 'Cate Blanchett', 'Kate Beckinsale'"
7.5,Devil's Advocate,R,Drama,144,"'Kean Reeves', 'Al Pacino', 'Charlize Theron'"
7.5,"The Adventures of Priscilla, Queen of the Desert",R,Comedy,104,"'Hgo Weaving', 'Gy Pearce', 'Terence Stamp'"
7.5,Harry Potter and the Half-Blood Prince,PG,Adventure,153,"'Daniel Radcliffe', 'Emma Watson', 'Rpert Grint'"
7.5,Fruitvale Station,R,Biography,85,"'Michael B. Jordan', 'Melonie Diaz', 'Octavia Spencer'"
7.5,In the Bedroom,R,Crime,130,"'Tom Wilkinson', 'Sissy Spacek', 'Nick Stahl'"
7.5,Source Code,PG-13,Mystery,93,"'Jake Gyllenhaal', 'Michelle Monaghan', 'Vera Farmiga'"
7.5,Biutiful,R,Drama,148,"'Javier Bardem', 'Maricel \xc1lvarez', 'Hanaa Bochaib'"
7.5,From Russia with Love,APPROVED,Action,115,"'Sean Connery', 'Robert Shaw', 'Lotte Lenya'"
7.5,Calvary,R,Drama,102,"'Brendan Gleeson', ""Chris O'Dowd"", 'Kelly Reilly'"
7.5,The Mission,PG,Adventure,125,"'Robert De Niro', 'Jeremy Irons', 'Ray McAnally'"
7.5,In the Loop,NOT RATED,Comedy,106,"'Tom Hollander', 'Peter Capaldi', 'James Gandolfini'"
7.5,The Three Burials of Melquiades Estrada,R,Adventure,121,"'Tommy Lee Jones', 'Barry Pepper', 'Dwight Yoakam'"
7.5,Babel,R,Drama,143,"'Brad Pitt', 'Cate Blanchett', 'Gael Garc\xeda Bernal'"
7.5,Frenzy,R,Thriller,116,"'Jon Finch', 'Barry Foster', 'Alec McCowen'"
7.5,Heavenly Creatures,R,Biography,99,"'Melanie Lynskey', 'Kate Winslet', 'Sarah Peirse'"
7.5,Sweeney Todd: The Demon Barber of Fleet Street,R,Drama,116,"'Johnny Depp', 'Helena Bonham Carter', 'Alan Rickman'"
7.5,Dracula,R,Horror,128,"'Gary Oldman', 'Winona Ryder', 'Anthony Hopkins'"
7.5,Looper,R,Action,119,"'Joseph Gordon-Levitt', 'Brce Willis', 'Emily Blnt'"
7.5,The Proposition,R,Crime,104,"'Ray Winstone', 'Gy Pearce', 'Emily Watson'"
7.5,Bullitt,PG,Action,114,"'Steve McQeen', 'Jacqeline Bisset', 'Robert Vaghn'"
7.5,Harry Potter and the Sorcerer's Stone,PG,Adventure,152,"'Daniel Radcliffe', 'Rpert Grint', 'Richard Harris'"
7.5,2046,R,Drama,129,"'Tony Chi Wai Leng', 'Ziyi Zhang', 'Faye Wong'"
7.5,Transamerica,R,Adventure,103,"'Felicity Hffman', 'Kevin Zegers', 'Fionnla Flanagan'"
7.5,Smoke,R,Comedy,112,"'Harvey Keitel', 'William Hrt', 'Giancarlo Esposito'"
7.5,Suspiria,X,Horror,92,"'Jessica Harper', 'Stefania Casini', 'Flavio Bcci'"
7.5,The Judge,R,Drama,141,"'Robert Downey Jr.', 'Robert Dvall', 'Vera Farmiga'"
7.5,Bad Education,NC-17,Crime,106,"'Gael Garc\xeda Bernal', 'Fele Mart\xednez', 'Javier C\xe1mara'"
7.5,Up in the Air,R,Drama,109,"'George Clooney', 'Vera Farmiga', 'Anna Kendrick'"
7.5,Begin Again,R,Drama,104,"'Keira Knightley', 'Mark Rffalo', 'Adam Levine'"
7.5,Running Scared,R,Action,122,"'Pal Walker', 'Cameron Bright', 'Chazz Palminteri'"
7.5,Ghost World,R,Comedy,111,"'Steve Bscemi', 'Thora Birch', 'Scarlett Johansson'"
7.5,Witness,R,Crime,112,"'Harrison Ford', 'Kelly McGillis', 'Lkas Haas'"
7.5,Trading Places,R,Comedy,116,"'Eddie Mrphy', 'Dan Aykroyd', 'Ralph Bellamy'"
7.5,Mud,PG-13,Drama,130,"'Matthew McConaghey', 'Tye Sheridan', 'Jacob Lofland'"
7.5,Across the Universe,PG-13,Drama,133,"'Evan Rachel Wood', 'Jim Strgess', 'Joe Anderson'"
7.5,Les Miserables,PG-13,Crime,134,"'Liam Neeson', 'Geoffrey Rsh', 'Uma Thrman'"
7.5,Notes on a Scandal,R,Drama,92,"'Cate Blanchett', 'Jdi Dench', 'Andrew Simpson'"
7.5,Inside Llewyn Davis,R,Drama,104,"'Oscar Isaac', 'Carey Mlligan', 'John Goodman'"
7.5,Brick,R,Crime,110,"'Joseph Gordon-Levitt', 'Lkas Haas', 'Emilie de Ravin'"
7.5,Clerks II,R,Comedy,97,"""Brian O'Halloran"", 'Jeff Anderson', 'Rosario Dawson'"
7.5,Say Anything...,PG-13,Comedy,100,"'John Csack', 'Ione Skye', 'John Mahoney'"
7.4,Man on the Moon,R,Biography,118,"'Jim Carrey', 'Danny DeVito', 'Gerry Becker'"
7.4,Mean Streets,R,Crime,112,"'Robert De Niro', 'Harvey Keitel', 'David Proval'"
7.4,Harry Potter and the Order of the Phoenix,PG-13,Adventure,138,"'Daniel Radcliffe', 'Emma Watson', 'Rpert Grint'"
7.4,Beetlejuice,PG,Comedy,92,"'Alec Baldwin', 'Geena Davis', 'Michael Keaton'"
7.4,"Crazy, Stupid, Love.",PG-13,Comedy,118,"'Steve Carell', 'Ryan Gosling', 'Jlianne Moore'"
7.4,Excalibur,R,Adventure,140,"'Nigel Terry', 'Helen Mirren', 'Nicholas Clay'"
7.4,True Grit,,Adventure,128,"'John Wayne', 'Kim Darby', 'Glen Campbell'"
7.4,Labyrinth,PG,Adventure,101,"'David Bowie', 'Jennifer Connelly', 'Toby Frod'"
7.4,Alice in Wonderland,G,Animation,75,"'Kathryn Beamont', 'Ed Wynn', 'Richard Haydn'"
7.4,Predestination,R,Drama,97,"'Ethan Hawke', 'Sarah Snook', 'Noah Taylor'"
7.4,Much Ado About Nothing,PG-13,Comedy,111,"'Kenneth Branagh', 'Emma Thompson', 'Kean Reeves'"
7.4,A Bridge Too Far,PG,Drama,175,"'Sean Connery', ""Ryan O'Neal"", 'Michael Caine'"
7.4,Raising Arizona,PG-13,Comedy,94,"'Nicolas Cage', 'Holly Hnter', 'Trey Wilson'"
7.4,The Bucket List,PG-13,Adventure,97,"'Jack Nicholson', 'Morgan Freeman', 'Sean Hayes'"
7.4,Terms of Endearment,R,Comedy,132,"'Shirley MacLaine', 'Debra Winger', 'Jack Nicholson'"
7.4,Take Shelter,R,Drama,120,"'Michael Shannon', 'Jessica Chastain', 'Shea Whigham'"
7.4,Far from Heaven,PG-13,Drama,107,"'Jlianne Moore', 'Dennis Qaid', 'Dennis Haysbert'"
7.4,Eraserhead,UNRATED,Drama,89,"'Jack Nance', 'Charlotte Stewart', 'Allen Joseph'"
7.4,Frances Ha,R,Comedy,86,"'Greta Gerwig', 'Mickey Smner', 'Adam Driver'"
7.4,Home Alone,PG,Comedy,103,"'Macalay Clkin', 'Joe Pesci', 'Daniel Stern'"
7.4,Bound,R,Crime,108,"'Jennifer Tilly', 'Gina Gershon', 'Joe Pantoliano'"
7.4,Sleepy Hollow,R,Drama,105,"'Johnny Depp', 'Christina Ricci', 'Miranda Richardson'"
7.4,Pirate Radio,R,Comedy,117,"'Philip Seymor Hoffman', 'Bill Nighy', 'Nick Frost'"
7.4,The NeverEnding Story,PG,Adventure,102,"'Noah Hathaway', 'Barret Oliver', 'Tami Stronach'"
7.4,X-Men,PG-13,Action,104,"'Patrick Stewart', 'Hgh Jackman', 'Ian McKellen'"
7.4,Zero Dark Thirty,R,Drama,157,"'Jessica Chastain', 'Joel Edgerton', 'Chris Pratt'"
7.4,Manhattan Murder Mystery,PG,Comedy,104,"'Woody Allen', 'Diane Keaton', 'Jerry Adler'"
7.4,National Lampoon's Vacation,R,Comedy,98,"'Chevy Chase', ""Beverly D'Angelo"", 'Imogene Coca'"
7.4,My Sister's Keeper,PG-13,Drama,109,"'Cameron Diaz', 'Abigail Breslin', 'Alec Baldwin'"
7.4,Deconstructing Harry,R,Comedy,96,"'Woody Allen', 'Jdy Davis', 'Jlia Lois-Dreyfs'"
7.4,The Way Way Back,PG-13,Comedy,103,"'Steve Carell', 'Toni Collette', 'Allison Janney'"
7.4,Capote,R,Biography,114,"'Philip Seymor Hoffman', 'Clifton Collins Jr.', 'Catherine Keener'"
7.4,Driving Miss Daisy,PG,Comedy,99,"'Morgan Freeman', 'Jessica Tandy', 'Dan Aykroyd'"
7.4,La Femme Nikita,R,Action,118,"'Anne Parillad', 'Marc Dret', 'Patrick Fontana'"
7.4,Lincoln,PG-13,Biography,150,"'Daniel Day-Lewis', 'Sally Field', 'David Strathairn'"
7.4,Limitless,PG-13,Mystery,105,"'Bradley Cooper', 'Anna Friel', 'Abbie Cornish'"
7.4,The Simpsons Movie,PG-13,Animation,87,"'Dan Castellaneta', 'Jlie Kavner', 'Nancy Cartwright'"
7.4,The Rock,R,Action,136,"'Sean Connery', 'Nicolas Cage', 'Ed Harris'"
7.4,The English Patient,R,Drama,162,"'Ralph Fiennes', 'Jliette Binoche', 'Willem Dafoe'"
7.4,Law Abiding Citizen,R,Crime,109,"'Gerard Btler', 'Jamie Foxx', 'Leslie Bibb'"
7.4,Wonder Boys,R,Drama,107,"'Michael Doglas', 'Tobey Magire', 'Frances McDormand'"
7.4,Death at a Funeral,R,Comedy,90,"'Matthew Macfadyen', 'Peter Dinklage', 'Ewen Bremner'"
7.4,Blue Valentine,NC-17,Drama,112,"'Ryan Gosling', 'Michelle Williams', 'John Doman'"
7.4,The Cider House Rules,PG-13,Drama,126,"'Tobey Magire', 'Charlize Theron', 'Michael Caine'"
7.4,Tootsie,PG,Comedy,116,"'Dstin Hoffman', 'Jessica Lange', 'Teri Garr'"
7.4,Back to the Future Part III,PG,Adventure,118,"'Michael J. Fox', 'Christopher Lloyd', 'Mary Steenbrgen'"
7.4,Master and Commander: The Far Side of the World,PG-13,Action,138,"'Rssell Crowe', 'Pal Bettany', 'Billy Boyd'"
7.4,Poltergeist,PG,Horror,114,"'JoBeth Williams', ""Heather O'Rorke"", 'Craig T. Nelson'"
7.4,Wall Street,R,Crime,126,"'Charlie Sheen', 'Michael Doglas', 'Tamara Tnie'"
